역번호,역사명,노선번호,노선명,영문역사명,한자역사명,환승역구분,환승노선번호,환승노선명,역위도,역경도,운영기관명,역사도로명주소,역사전화번호,데이터기준일자
D004,신사,I11D1,신분당선,Sinsa,新沙,도시철도 환승역,I11D1,수도권 광역철도 신분당선,37.516125263312901,127.019760916726,경기도 신분당선,서울특별시 강남구 강남대로 620-2,02) 810-5870,46191
D005,논현,I11D1,신분당선,Nonhyeon,論峴,도시철도 환승역,I11D1,수도권 광역철도 신분당선,37.511115384637897,127.021365807131,경기도 신분당선,서울특별시 강남구 강남대로 492-2,02) 810-5860,46191
D006,신논현,I11D1,신분당선,Sinnonhyeon,新論峴,도시철도 환승역,I11D1,수도권 광역철도 신분당선,37.504555429592003,127.024530640799,경기도 신분당선,서울특별시 강남구 강남대로 302-2,02) 810-5850,46191
D007,강남,I11D1,신분당선,Gangnam,江南,도시철도 환승역,I11D1,수도권 광역철도 신분당선,37.497385439787102,127.02787893753001,경기도 신분당선,서울특별시 강남구 강남대로 지하 396,02) 810-5840,46191
D008,양재(서초구청),I11D1,신분당선,Yangjae(Secho-gu Office),良才(瑞草區廳),도시철도 환승역,I11D1,수도권 광역철도 신분당선,37.484453523958798,127.034099452522,경기도 신분당선,서울시 서초구 남부순환로 지하 2585,02) 810-5830,46191
D009,양재시민의숲(매헌),I11D1,신분당선,Yangjae Citizen's Forest(Maeheon),良才市民의숲(梅軒),도시철도 일반역,,,37.470963876881299,127.038420263319,경기도 신분당선,서울특별시 서초구 매헌로 지하 116,02) 810-5820,46191
D010,청계산입구,I11D1,신분당선,Cheonggyesan,淸溪山入口,도시철도 일반역,,,37.4487148450701,127.054339616958,경기도 신분당선,서울특별시 서초구 청계산로 지하 179,02) 810-5810,46191
D011,판교,I11D1,신분당선,Pangyo(Pangyo Techno Valley),板橋(板橋테크노밸리),도시철도 환승역,I11D1,수도권 광역철도 신분당선,37.395714753482899,127.11121073861899,경기도 신분당선,경기도 성남시 분당구 판교역로 지하 160,031)8018-7750,46191
D012,정자,I11D1,신분당선,Jeongja,亭子,도시철도 환승역,I11D1,수도권 광역철도 신분당선,37.368210191552897,127.108385905864,경기도 신분당선,경기도 성남시 분당구 성남대로 지하 333 ,031)8018-7760,46191
D013,미금,I11D1,신분당선,Migeum,美金,도시철도 환승역,I11D1,수도권 광역철도 신분당선,37.3511833209472,127.108902778591,경기도 신분당선,경기도 성남시 성남대로 지하 163 (금곡동),031)8018-7770,46191
D014,동천,I11D1,신분당선,Dongcheon,東川,도시철도 일반역,,,37.3386841329961,127.102793673668,경기도 신분당선,경기도 용인시 수지구 신수로 지하760,031)8018-7780,46191
D015,수지구청,I11D1,신분당선,Suji-gu Office,水枝區廳,도시철도 일반역,,,37.323008960919097,127.09558128570301,경기도 신분당선,경기도 용인시 수지구 풍덕천로 지하120 ,031)8018-7790,46191
D016,성복,I11D1,신분당선,Seongbok,星福,도시철도 일반역,,,37.314042509145601,127.08075782693101,경기도 신분당선,경기도 용인시 수지구 수지로 지하134,031)8018-7800,46191
D017,상현,I11D1,신분당선,Sanghyeon,上峴,도시철도 일반역,,,37.298685258722401,127.06957991138,경기도 신분당선,경기도 용인시 수지구 광교중앙로 지하312,031)8018-7810,46191
D018,광교중앙(아주대),I11D1,신분당선,Gwanggyo Jungang,光敎中央(亞洲大),도시철도 일반역,,,37.287737519496702,127.05262503284099,경기도 신분당선,경기도 수원시 영통구 도청로 지하45,031)8018-7820,46191
D019,광교(경기대),I11D1,신분당선,Gwanggyo (Kyonggi Univ.),光敎(京畿大),도시철도 일반역,,,37.301734742214599,127.044856131638,경기도 신분당선,경기도 수원시 영통구 대학로 55 신분당선 광교역,031)8018-7830,46191
Y110,기흥(백남준아트센터),L41E1,에버라인,Giheung,器興,환승역,L41E1,수도권  경량도시철도 에버라인,37.275452880000003,127.1170465,경기도 용인경전철,경기도 용인시 기흥구 중부대로 460,031-329-3541,2025-03-25
Y111,강남대,L41E1,에버라인,Kangnam Univ.,江南大 ,일반역,L41E1,수도권  경량도시철도 에버라인,37.270170729999997,127.1260669,경기도 용인경전철,경기도 용인시 기흥구 중부대로 578,031-329-3542,2025-03-25
Y112,지석,L41E1,에버라인,Jiseok,支石,일반역,L41E1,수도권  경량도시철도 에버라인,37.269737319999997,127.13632560000001,경기도 용인경전철,경기도 용인시 기흥구 어정로 28,031-329-3543,2025-03-25
Y113,어정,L41E1,에버라인,Eojeong,御停,일반역,L41E1,수도권  경량도시철도 에버라인,37.27495132,127.1437499,경기도 용인경전철,경기도 용인시 기흥구 어정로 128,031-329-3544,2025-03-25
Y114,동백(용인세브란스),L41E1,에버라인,Dongbaek,東栢,일반역,L41E1,수도권  경량도시철도 에버라인,37.269101380000002,127.1526906,경기도 용인경전철,경기도 용인시 기흥구 동백죽전대로 314,031-329-3545,2025-03-25
Y115,초당,L41E1,에버라인,Chodang,草堂,일반역,L41E1,수도권  경량도시철도 에버라인,37.260806469999999,127.1594692,경기도 용인경전철,경기도 용인시 기흥구 동백죽전대로 204,031-329-3546,2025-03-25
Y116,삼가,L41E1,에버라인,Samga,三街,일반역,L41E1,수도권  경량도시철도 에버라인,37.242059930000003,127.16818000000001,경기도 용인경전철,경기도 용인시 처인구 중부대로 1098,031-329-3547,2025-03-25
Y117,시청·용인대,L41E1,에버라인,Yongin City Hall·Yongin Univ.,市廳∙龍仁大,일반역,L41E1,수도권  경량도시철도 에버라인,37.239442029999999,127.1788851,경기도 용인경전철,경기도 용인시 처인구 중부대로 1199-1,031-329-3573,2025-03-25
Y118,명지대,L41E1,에버라인,Myongji Univ.,明知大,일반역,L41E1,수도권  경량도시철도 에버라인,37.238076290000002,127.1902913,경기도 용인경전철,경기도 용인시 처인구 금학로 241,031-329-3574,2025-03-25
Y119,김량장,L41E1,에버라인,Gimnyangjang,金良場,일반역,L41E1,수도권  경량도시철도 에버라인,37.237323770000003,127.19861090000001,경기도 용인경전철,경기도 용인시 처인구 금학로 315,031-329-3575,2025-03-25
Y120,용인중앙시장(용인예술과학대),L41E1,에버라인,Yongin Jungang Market,龍仁中央市場,일반역,L41E1,수도권  경량도시철도 에버라인,37.2379113,127.20905260000001,경기도 용인경전철,경기도 용인시 처인구 금학로 409,031-329-3576,2025-03-25
Y121,고진,L41E1,에버라인,Gojin,古陳,일반역,L41E1,수도권  경량도시철도 에버라인,37.244638340000002,127.2141836,경기도 용인경전철,경기도 용인시 처인구 경안천로 141,031-329-3577,2025-03-25
Y122,보평,L41E1,에버라인,Bopyeong,洑坪,일반역,L41E1,수도권  경량도시철도 에버라인,37.25896427,127.21848079999999,경기도 용인경전철,경기도 용인시 처인구 경안천로 313,031-329-3578,2025-03-25
Y123,둔전,L41E1,에버라인,Dunjeon,屯田,일반역,L41E1,수도권  경량도시철도 에버라인,37.267212219999998,127.2136387,경기도 용인경전철,경기도 용인시 처인구 포곡읍 포곡로 70,031-329-3579,2025-03-25
Y124,전대·에버랜드,L41E1,에버라인,Jeondae·Everland,前垈,일반역,L41E1,수도권  경량도시철도 에버라인,37.285413269999999,127.219509,경기도 용인경전철,경기도 용인시 처인구 포곡읍 에버랜드로 143,031-329-3580,2025-03-25
A01,서울,I28A1,인천국제공항선,Seoul,-,환승역,S1101+S1104+I4108,서울 도시철도 1호선+서울 도시철도 4호선+경의선,37.553017840000003,126.96976429999999,공항철도주식회사,서울특별시 용산구 청파로 378,1599-7788,2023-05-31
A02,공덕,I28A1,인천국제공항선,Gongdeok,孔德,환승역,S1105+S1106+I41K4,서울 도시철도 5호선+서울 도시철도 6호선+경의중앙선,37.542710499999998,126.9516296,공항철도주식회사,서울특별시 마포구 마포대로 92,1599-7788,2023-05-31
A03,홍대입구,I28A1,인천국제공항선,Hongik Univ.,弘大入口,환승역,S1102+I41K4,서울 도시철도 2호선+경의중앙선,37.557741030000003,126.9264939,공항철도주식회사,서울특별시 마포구 양화로 188,1599-7788,2023-05-31
A04,디지털미디어시티,I28A1,인천국제공항선,Digital Media City,-,환승역,S1106+I41K4,서울 도시철도 6호선+경의중앙선,37.577354999999997,126.898025,공항철도주식회사,서울특별시 마포구 성암로 184,1599-7788,2023-05-31
A042,마곡나루,I28A1,인천국제공항선,Magongnaru,麻谷나루,환승역,S1109,서울 도시철도 9호선,37.565819140000002,126.8276358,공항철도주식회사,서울특별시 강서구 마곡중앙로 지하 135,1599-7788,2023-05-31
A05,김포공항,I28A1,인천국제공항선,Gimpo Int'l Airport,金浦空港,환승역,S1105+S1109+L41G1,서울 도시철도 5호선+서울 도시철도 9호선+김포도시철도,37.562116519999996,126.8015442,공항철도주식회사,서울특별시 강서구 하늘길 77,1599-7788,2023-05-31
A06,계양,I28A1,인천국제공항선,Gyeyang,桂陽,환승역,S28I1,인천 도시철도 1호선,37.571769000000003,126.73631899999999,공항철도주식회사,인천광역시 계양구 다남로 24,1599-7788,2023-05-31
A07,검암,I28A1,인천국제공항선,Geomam,黔岩,환승역,S28I2,인천 도시철도 2호선,37.569155469999998,126.6735357,공항철도주식회사,인천광역시 서구 검바위로 26,1599-7788,2023-05-31
A071,청라국제도시,I28A1,인천국제공항선,Cheongna Int'l City,靑羅國際都市,일반역,,,37.556508999999998,126.624725,공항철도주식회사,인천광역시 서구 에코로 163,1599-7788,2023-05-31
A072,영종,I28A1,인천국제공항선,Yeongjong,永宗,일반역,,,37.512098139999999,126.5242471,공항철도주식회사,인천광역시 중구 백운로414번길 75,1599-7788,2023-05-31
A08,운서,I28A1,인천국제공항선,Unseo,雲西,일반역,,,37.49284463,126.49366190000001,공항철도주식회사,인천광역시 중구 흰바위로59번길 26,1599-7788,2023-05-31
A09,공항화물청사,I28A1,인천국제공항선,Incheon Int'l Airport Cargo Terminal,空港貨物廳舍,일반역,,,37.459026110000003,126.4774333,공항철도주식회사,인천광역시 중구 공항동로135번길 86,1599-7788,2023-05-31
A10,인천공항1터미널,I28A1,인천국제공항선,Incheon Int'l Airport Terminal 1,仁川空港1터미널,환승역,S28M1,자기부상철도,37.447606720000003,126.4523433,공항철도주식회사,인천광역시 중구 공항로 271,1599-7788,2023-05-31
A11,인천공항2터미널,I28A1,인천국제공항선,Incheon Int'l Airport Terminal 2,仁川空港2터미널,일반역,,,37.46866,126.433415,공항철도주식회사,인천광역시 중구 공항로 272,1599-7788,2023-05-31
100,녹동,S2901,광주도시철도 1호선,Nokdong,鹿洞,일반역,,,35.107028,126.933932,광주교통공사,광주광역시 동구 녹동길 45(용산동),062-604-8410,2022-09-02
101,소태,S2901,광주도시철도 1호선,Sotae,所台,일반역,,,35.124108,126.932013,광주교통공사,광주광역시 동구 남문로 지하 587(소태동),062-604-8410,2022-09-02
102,학동증심사입구,S2901,광주도시철도 1호선,Hak-dong·Jeungsimsa,鶴洞ㆍ證心寺,일반역,,,35.133023000000001,126.928382,광주교통공사,광주광역시 동구 남문로 지하 700(학동),062-604-8420,2022-09-02
103,남광주,S2901,광주도시철도 1호선,Namgwangju,南光州,일반역,,,35.138984899999997,126.92318,광주교통공사,광주광역시 동구 제봉로 지하 14(학동),062-604-8430,2022-09-02
104,문화전당(구도청),S2901,광주도시철도 1호선,Culture Center (Former Provincial office),文化殿堂（原道厅）,일반역,,,35.146610000000003,126.92005,광주교통공사,광주광역시 동구 문화전당로 26번길 지하 7(광산동),062-604-8440,2022-09-02
105,금남로4가,S2901,광주도시철도 1호선,Geumnamno 4(sa)-ga,錦南路4街,일반역,,,35.150976,126.914446,광주교통공사,광주광역시 동구 금남로 지하 210(금남로4가),062-604-8450,2022-09-02
106,금남로5가,S2901,광주도시철도 1호선,Geumnamno 5(o)-ga,錦南路5街,일반역,,,35.153658,126.910033,광주교통공사,광주광역시 북구 금남로 지하 138(북동),062-604-8460,2022-09-02
107,양동시장,S2901,광주도시철도 1호선,Yangdong Market,良洞市場,일반역,,,35.154176,126.901089,광주교통공사,광주광역시 서구 경열로 지하 152(양동),062-604-8470,2022-09-02
108,돌고개,S2901,광주도시철도 1호선,Dolgogae,石岭,일반역,,,35.152047000000003,126.89563699999999,광주교통공사,광주광역시 서구 경열로 지하 87(농성동),062-604-8480,2022-09-02
109,농성,S2901,광주도시철도 1호선,Nongseong,農城,일반역,,,35.153362999999999,126.883973,광주교통공사,광주광역시 서구 상무대로 지하 1123(농성동),062-604-8490,2022-09-02
110,화정,S2901,광주도시철도 1호선,Hwajeong,花亭,일반역,,,35.152085,126.876698,광주교통공사,광주광역시 서구 상무대로 지하 1041(화정동),062-604-8500,2022-09-02
111,쌍촌,S2901,광주도시철도 1호선,Ssangchon,雙村,일반역,,,35.151792999999998,126.869519,광주교통공사,광주광역시 서구 상무대로 지하 983(쌍촌동),062-604-8510,2022-09-02
112,운천,S2901,광주도시철도 1호선,Uncheon,云泉,일반역,,,35.150486000000001,126.858694,광주교통공사,광주광역시 서구 상무대로 지하 883(쌍촌동),062-604-8520,2022-09-02
113,상무,S2901,광주도시철도 1호선,Sangmu,尙武,일반역,,,35.146783999999997,126.848641,광주교통공사,광주광역시 서구 상무대로 지하 777(마륵동),062-604-8530,2022-09-02
114,김대중컨벤션센터(마륵),S2901,광주도시철도 1호선,Kim Daejung Convention Center (Mareuk),金大中会展中心（马勒）,일반역,,,35.143214,126.841442,광주교통공사,광주광역시 서구 상무대로 지하 705(마륵동),062-604-8540,2022-09-02
115,공항,S2901,광주도시철도 1호선,Airport,空港,일반역,,,35.144179000000001,126.81153,광주교통공사,광주광역시 광산구 상무대로 지하 416-99(신촌동),062-604-8550,2022-09-02
116,송정공원,S2901,광주도시철도 1호선,Songjeong Park,松汀公園,일반역,,,35.143565000000002,126.799245,광주교통공사,광주광역시 광산구 상무대로 지하 314-99(송정동),062-604-8560,2022-09-02
117,광주송정역,S2901,광주도시철도 1호선,GwangjuSongjeong Station,光州松汀站,일반역,,,35.137529000000001,126.791488,광주교통공사,광주광역시 광산구 상무대로 지하 201-99(송정동),062-604-8570,2022-09-02
118,도산,S2901,광주도시철도 1호선,Dosan,道山,일반역,,,35.131712999999998,126.787942,광주교통공사,광주광역시 광산구 상무대로 지하 125-99(도산동),062-604-8580,2022-09-02
119,평동,S2901,광주도시철도 1호선,Pyeong-dong,平洞,일반역,,,35.124699999999997,126.769586,광주교통공사,광주광역시 광산구 평동로 870(월전동),062-604-8590,2022-09-02
806,동구릉,S1108,8호선,Donggureung,东九陵,일반역,,,37.610556000000003,127.13505600000001,구리도시공사,인창동 679-8 일원(구리도매시장),031-579-4087~8,20240812
807,구리(구리전통시장),S1108,8호선,Guri(Guri Traditional Market),"九里
(九里传统市场)",일반역,,,37.60256,127.14073,구리도시공사,인창동 675-1 일원(구리역공원),031-579-4083~5,20240812
808,장자호수공원,S1108,8호선,Jangja Lake Park,长者湖水公园,일반역,,,37.587221999999997,127.13793,구리도시공사,수택동 870-3 일원(장자2사거리),031-579-4080~1,20240812
G100,양촌역,L41G1,김포도시철도,Yangchon ,陽村,일반역,,,37.641638999999998,126.614694,김포골드라인에스알에스㈜,경기도 김포시 양촌읍 양촌역길 107,031-8048-1700,46167
G101,구래역,L41G1,김포도시철도,Gurae ,九来,일반역,,,37.645353999999998,126.6285,김포골드라인에스알에스㈜,경기도 김포시 김포한강7로 87,031-8048-1710,46167
G102,마산역,L41G1,김포도시철도,Masan ,麻山,일반역,,,37.640605999999998,126.643944,김포골드라인에스알에스㈜,경기도 김포시 김포한강3로 지하 442,031-8048-1720,46167
G103,장기역,L41G1,김포도시철도,Janggi ,場基,일반역,,,37.644027999999999,126.669,김포골드라인에스알에스㈜,경기도 김포시 김포한강1로 지하 59,031-8048-1730,46167
G104,운양역,L41G1,김포도시철도,Unyang ,雲陽,일반역,,,37.653860999999999,126.68383300000001,김포골드라인에스알에스㈜,경기도 김포시 김포한강1로 지하 235,031-8048-1740,46167
G105,걸포북변역,L41G1,김포도시철도,Geolpo Bukbyeon ,傑浦北邊,일반역,,,37.631639,126.70574999999999,김포골드라인에스알에스㈜,경기도 김포시 김포대로 지하 1040,031-8048-1750,46167
G106,사우역,L41G1,김포도시철도,Sau(Gimpo City Hall),沙隅,일반역,,,37.620361000000003,126.719722,김포골드라인에스알에스㈜,경기도 김포시 김포대로 지하 852,031-8048-1760,46167
G107,풍무역,L41G1,김포도시철도,Pungmu,豊舞,일반역,,,37.612333,126.73258300000001,김포골드라인에스알에스㈜,경기도 김포시 김포대로 지하 710,031-8048-1770,46167
G108,고촌역,L41G1,김포도시철도,Gochon ,高村,일반역,,,37.60125,126.77036099999999,김포골드라인에스알에스㈜,경기도 김포시 고촌읍 김포대로 지하 350,031-8048-1780,46167
G109,김포공항역,L41G1,김포도시철도,Gimpo Int‘l Airport ,金浦空港,환승역,,,37.562308999999999,126.801833,김포골드라인에스알에스㈜,서울특별시 강서구 하늘길 지하 77,031-8048-1790,46167
S401,샛강,L11SL,수도권 경량도시철도 신림선,Saetgang,赛江,환승역,S11S1,수도권  도시철도 9호선,37.517219937,126.929403964,남서울경전철 주식회사,서울특별시 영등포구 의사당대로 지하166 (여의도동),02-890-2227~8,2025-09-23
S402,대방,L11SL,수도권 경량도시철도 신림선,Daebang,大方,환승역,I4101,수도권  광역철도 1호선,37.512840165999997,126.92531678100001,남서울경전철 주식회사,서울특별시 영등포구 여의대방로 300 (신길동),02-890-2227~8,2025-09-23
S403,서울지방병무청,L11SL,수도권 경량도시철도 신림선,Seoul Regional Office of Millitary Manpower,首尔地方兵务厅,일반역,,,37.506046869999999,126.922783404,남서울경전철 주식회사,서울특별시 동작구 여의대방로 지하218 (대방동),02-890-2227~8,2025-09-23
S404,보라매,L11SL,수도권 경량도시철도 신림선,Boramae,波拉美,환승역,S1107,수도권  도시철도 7호선,37.500312708999999,126.920485864,남서울경전철 주식회사,서울특별시 동작구 상도로 지하2 (대방동),02-890-2227~8,2025-09-23
S405,보라매공원,L11SL,수도권 경량도시철도 신림선,Boramae Park,波拉美公园,일반역,,,37.495225404999999,126.918258811,남서울경전철 주식회사,서울특별시 동작구 여의대방로20길 지하11 (신대방동),02-890-2227~8,2025-09-23
S406,보라매병원,L11SL,수도권 경량도시철도 신림선,Boramae Medical Center,波拉美医院,일반역,,,37.492960699999998,126.923886,남서울경전철 주식회사,서울특별시 동작구 보라매로5길 지하24 (신대방동),02-890-2227~8,2025-09-23
S407,당곡,L11SL,수도권 경량도시철도 신림선,Danggok,堂谷,일반역,,,37.490039105000001,126.927568759,남서울경전철 주식회사,서울특별시 관악구 보라매로 6 (봉천동),02-890-2227~8,2025-09-23
S408,신림,L11SL,수도권 경량도시철도 신림선,Sillim,新林,환승역,S1102,수도권  도시철도 2호선,37.484890755000002,126.92960992,남서울경전철 주식회사,서울특별시 관악구 남부순환로 지하1614 (신림동),02-890-2227~8,2025-09-23
S409,서원,L11SL,수도권 경량도시철도 신림선,Seowon,书院,일반역,,,37.478273360000003,126.933228219,남서울경전철 주식회사,서울특별시 관악구 신림로 258 (신림동),02-890-2227~8,2025-09-23
S410,서울대벤처타운,L11SL,수도권 경량도시철도 신림선,Seoul National Univ. Venture Town,首尔大学创投城,일반역,,,37.472040679999999,126.933976556,남서울경전철 주식회사,서울특별시 관악구 신림로 144 (신림동),02-890-2227~8,2025-09-23
S411,관악산,L11SL,수도권 경량도시철도 신림선,Gwanaksan,冠岳山,일반역,,,37.469168959999998,126.944954837,남서울경전철 주식회사,서울특별시 관악구 신림로 23 (신림동),02-890-2227~8,2025-09-23
0405,진접역,I4104,진접선,Jinjeop,榛接,일반역,,,37.720472000000001,127.20316699999999,남양주도시공사,경기도 남양주시 진접읍 경복대로 지하 244,02-6110-1961,2022-08-31
0406,오남역,I4104,진접선,Onam,梧南,일반역,,,37.705405599999999,127.191644,남양주도시공사,경기도 남양주시 오남읍 진건오남로 지하 929,02-6110-1921,2022-08-31
0408,별내별가람역,I4104,진접선,ByeollaeByeolgaram,別內별가람,일반역,,,37.667833000000002,127.116167,남양주도시공사,경기도 남양주시 별내3로 지하 345,02-6110-1901,2022-08-31
804,별내역,S4108,수도권 광역철도 8호선,Byeollae,別內,환승역,I41K2,수도권 전절 경춘선,37.642516999999998,127.12730000000001,남양주도시공사,경기도 남양주시 경춘북로 375(별내동),02-6311-8041,2024-09-12
805,다산역,S4108,수도권 광역철도 8호선,Dasan ,茶山,일반역,,,37.624369999999999,127.1498,남양주도시공사,경기도 남양주 다산중앙로 123번길(다산동),02-6311-8051,2024-09-12
0115,설화명곡,S2701,대구 도시철도 1호선,SeolhwaMyeonggok,舌化椧谷,일반역,,,35.798617900000004,128.4893927,대구교통공사,달성군 화원읍 비슬로 2476,053-643-2674,2025-03-31
0116,화원,S2701,대구 도시철도 1호선,Hwawon,花園,일반역,,,35.804349000000002,128.50040899999999,대구교통공사,달성군 화원읍 비슬로 지하2600,053-643-5125,2025-03-31
0117,대곡(정부대구청사),S2701,대구 도시철도 1호선,"Daegok
(Central Government Office-Daegu)",大谷(政府大邱廳舍),일반역,,,35.809570999999998,128.51257000000001,대구교통공사,달서구 비슬로 지하2718 (대곡동),053-644-7723,2025-03-31
0118,진천,S2701,대구 도시철도 1호선,Jincheon,辰泉,일반역,,,35.813814999999998,128.52237400000001,대구교통공사,달서구 월배로 지하76 (진천동),053-642-7723,2025-03-31
0119,월배,S2701,대구 도시철도 1호선,Wolbae,月背,일반역,,,35.816122999999997,128.53011900000001,대구교통공사,달서구 월배로 지하143 (진천동),053-642-7732,2025-03-31
0120,상인,S2701,대구 도시철도 1호선,Sangin,上仁,일반역,,,35.818858300000002,128.5375588,대구교통공사,달서구 월배로 지하223 (상인동),053-642-7745,2025-03-31
0121,월촌,S2701,대구 도시철도 1호선,Wolchon,月村,일반역,,,35.823695000000001,128.54546500000001,대구교통공사,달서구 월배로 지하311 (송현동),053-626-7710,2025-03-31
0122,송현,S2701,대구 도시철도 1호선,Songhyeon,松峴,일반역,,,35.831091999999998,128.55175500000001,대구교통공사,달서구 월배로 지하412 (송현동),053-626-7730,2025-03-31
0123,서부정류장(관문시장),S2701,대구 도시철도 1호선,"Seobu Bus Terminal
(Gwanmun Market)",西部客運站(關門市場),일반역,,,35.837337499999997,128.5570702,대구교통공사,남구 월배로 지하501 (대명동),053-651-7736,2025-03-31
0124,대명,S2701,대구 도시철도 1호선,Daemyeong,大明,일반역,,,35.839292399999998,128.56528460000001,대구교통공사,남구 대명로 지하71 (대명동),053-627-7746,2025-03-31
0125,안지랑,S2701,대구 도시철도 1호선,Anjirang,한자가없음,일반역,,,35.839199999999998,128.57400000000001,대구교통공사,남구 대명로 지하141 (대명동),053-626-7747,2025-03-31
0126,현충로,S2701,대구 도시철도 1호선,Hyeonchungno,顯忠路,일반역,,,35.840719999999997,128.58085,대구교통공사,남구 대명로 지하222 (대명동),053-651-7756,2025-03-31
0127,영대병원,S2701,대구 도시철도 1호선,Yeungnam University Hospital,嶺大病院,일반역,,,35.8442516,128.5882407,대구교통공사,남구 대명로 지하292 (대명동),053-626-7760,2025-03-31
0128,교대,S2701,대구 도시철도 1호선,National University of Education,敎大,일반역,,,35.851095299999997,128.590643,대구교통공사,남구 중앙대로 지하194 (대명동),053-473-7702,2025-03-31
0129,명덕(2.28민주운동기념회관),S2701,대구 도시철도 1호선,"Myeongdeok
(The 2‧28 Movement for Democracy museum)",明德(2‧28民主運動紀念會館),환승역,S0129+S0331,대구도시철도1호선+대구도시철도3호선,35.857382000000001,128.59088,대구교통공사,중구 명덕로 지하185 (남산동),053-255-7723,2025-03-31
0130,반월당,S2701,대구 도시철도 1호선,Banwoldang,半月堂,환승역,S0130+S0230,대구도시철도1호선+대구도시철도2호선,35.863889999999998,128.593312,대구교통공사,중구 달구벌대로 지하2100 (덕산동),053-255-7735,2025-03-31
0131,중앙로,S2701,대구 도시철도 1호선,Jungangno,中央路,일반역,,,35.870873000000003,128.59388799999999,대구교통공사,중구 중앙대로 지하424 (남일동),053-256-7746,2025-03-31
0132,대구역,S2701,대구 도시철도 1호선,Daegu Station,大邱驛,일반역,,,35.876379,128.59691900000001,대구교통공사,북구 칠성남로30길 지하24 (칠성동),053-426-7797,2025-03-31
0133,칠성시장,S2701,대구 도시철도 1호선,Chilseong Market,七星市場,일반역,,,35.876159000000001,128.604885,대구교통공사,북구 칠성남로 지하222 (칠성동),053-427-7751,2025-03-31
0134,신천(경북대입구),S2701,대구 도시철도 1호선,"Sincheon
(Kyungpook Nat’l Univ.)",新川(慶北大入口),일반역,,,35.874527,128.617244,대구교통공사,동구 동부로 지하41 (신천동),053-756-7706,2025-03-31
0135,동대구역,S2701,대구 도시철도 1호선,Dongdaegu Station,東大邱驛,일반역,,,35.877625999999999,128.627152,대구교통공사,동구 동대구로 지하530 (신천동),053-742-7787,2025-03-31
0136,동구청(큰고개),S2701,대구 도시철도 1호선,"Dong-gu Office
(Keungogae)",東區廳,일반역,,,35.884484999999998,128.632295,대구교통공사,동구 신암남로 지하169 (신암동),053-942-7721,2025-03-31
0137,아양교(대구국제공항입구),S2701,대구 도시철도 1호선,"Ayanggyo
(Daegu Int’l Airport)","峨洋橋
(大邱國際空港)",일반역,,,35.887208000000001,128.63957199999999,대구교통공사,동구 아양로 지하245 (신암동),053-942-7724,2025-03-31
0138,동촌(동촌유원지),S2701,대구 도시철도 1호선,"Dongchon
(Dongchon Resort)",東村(東村遊園地),일반역,,,35.886038999999997,128.65045499999999,대구교통공사,동구 해동로 지하197 (검사동),053-981-7731,2025-03-31
0139,해안,S2701,대구 도시철도 1호선,Haean,解顔,일반역,,,35.883764999999997,128.65907899999999,대구교통공사,동구 동촌로 지하167 (방촌동),053-981-7775,2025-03-31
0140,방촌,S2701,대구 도시철도 1호선,Bangchon,芳村,일반역,,,35.879928999999997,128.66976700000001,대구교통공사,동구 동촌로 지하275 (방촌동),053-984-7716,2025-03-31
0141,용계,S2701,대구 도시철도 1호선,Yonggye,龍溪,일반역,,,35.876255999999998,128.68141399999999,대구교통공사,동구 동촌로 지하383 (용계동),053-985-7798,2025-03-31
0142,율하,S2701,대구 도시철도 1호선,Yulha,栗下,일반역,,,35.869751000000001,128.69277500000001,대구교통공사,동구 안심로 지하57 (율하동),053-962-7729,2025-03-31
0143,신기,S2701,대구 도시철도 1호선,Singi,新基,일반역,,,35.866760999999997,128.70172400000001,대구교통공사,동구 안심로 지하159 (신기동),053-962-7773,2025-03-31
0144,반야월,S2701,대구 도시철도 1호선,Banyawol,半夜月,일반역,,,35.865948000000003,128.713663,대구교통공사,동구 안심로 지하261 (동호동),053-962-7798,2025-03-31
0145,각산,S2701,대구 도시철도 1호선,Gaksan,角山,일반역,,,35.867851999999999,128.72384299999999,대구교통공사,동구 안심로 지하363 (신서동),053-963-7754,2025-03-31
0146,안심(혁신도시·첨복단지),S2701,대구 도시철도 1호선,"Ansim
(Innovation city · High-techMedical Complex)",安心(革新都市․尖複團地),일반역,,,35.871200000000002,128.7338,대구교통공사,동구 안심로 지하455 (괴전동),053-963-7769,2025-03-31
0147,대구한의대병원,S2701,대구 도시철도 1호선,Daegu Haany University Hospital,大邱韓醫大病院,일반역,,,35.871708900000002,128.75082370000001,대구교통공사,동구 안심로 610 (사복동),053-962-4613,2025-03-31
0148,부호(경일대·호산대),S2701,대구 도시철도 1호선,Buho(Kyungil University･Hosan University),釜湖(慶一大･瑚山大),일반역,,,35.900280899999998,128.8031144,대구교통공사,경산시 하양읍 대경로 528,053-857-8713,2025-03-31
0149,하양(대구가톨릭대),S2701,대구 도시철도 1호선,Hayang(Daegu Catholic University),河陽(大邱加图立大),일반역,,,35.909425800000001,128.81754029999999,대구교통공사,경산시 하양읍 하양역길 3,053-857-8953,2025-03-31
0216,문양,S2702,대구 도시철도 2호선,Munyang,汶陽,일반역,,,35.864143130000002,128.43700430000001,대구교통공사,달성군 다사읍 문양역길 71,053-584-6826,2025-03-31
0217,다사,S2702,대구 도시철도 2호선,Dasa,多斯,일반역,,,35.864953010000001,128.45828760000001,대구교통공사,달성군 다사읍 다사역로 지하30 ,053-588-6680,2025-03-31
0218,대실,S2702,대구 도시철도 2호선,Daesil,한자가없음,일반역,,,35.857333300000001,128.46562639999999,대구교통공사,달성군 다사읍 달구벌대로 지하888 ,053-587-1933,2025-03-31
0219,강창,S2702,대구 도시철도 2호선,Gangchang,江倉,일반역,,,35.853111599999998,128.4789997,대구교통공사,달서구 달구벌대로 지하1014 (호산동),053-585-0660,2025-03-31
0220,계명대,S2702,대구 도시철도 2호선,Keimyung Univ.,啓明大,일반역,,,35.851464909999997,128.49196900000001,대구교통공사,달서구 달구벌대로 지하1140 (신당동),053-588-0990,2025-03-31
0221,성서산업단지,S2702,대구 도시철도 2호선,Seongseo Industrial Complex,城西産業團地,일반역,,,35.851823600000003,128.5071662,대구교통공사,달서구 달구벌대로 지하1280 (이곡동),053-582-6215,2025-03-31
0222,이곡,S2702,대구 도시철도 2호선,Igok,梨谷,일반역,,,35.850620030000002,128.5157686,대구교통공사,달서구 달구벌대로 지하1357 (이곡동),053-582-6214,2025-03-31
0223,용산(서부법원․검찰청입구),S2702,대구 도시철도 2호선,"Yongsan
(Seobu Branch Court‧Seobu Prosecutor's Office)","龍山
(西部法院‧檢察廳入口)",일반역,,,35.849119999999999,128.52876860000001,대구교통공사,달서구 달구벌대로 지하1476 (용산동),053-553-3598,2025-03-31
0224,죽전,S2702,대구 도시철도 2호선,Jukjeon,竹田,일반역,,,35.850350499999998,128.53708900000001,대구교통공사,달서구 달구벌대로 지하1560 (죽전동),053-556-0290,2025-03-31
0225,감삼,S2702,대구 도시철도 2호선,Gamsam,甘三,일반역,,,35.854325099999997,128.54790499999999,대구교통공사,달서구 달구벌대로 지하1665 (감삼동),053-552-2856,2025-03-31
0226,두류,S2702,대구 도시철도 2호선,Duryu,頭流,일반역,,,35.857240500000003,128.555509,대구교통공사,달서구 달구벌대로 지하1760 (두류동),053-628-3663,2025-03-31
0227,내당,S2702,대구 도시철도 2호선,Naedang,內唐,일반역,,,35.860194,128.564593,대구교통공사,달서구 달구벌대로 지하1900 (두류동),053-656-6038,2025-03-31
0228,반고개,S2702,대구 도시철도 2호선,Bangogae,한자가없음,일반역,,,35.862299999999998,128.57281699999999,대구교통공사,서구 달구벌대로 지하1827 (내당동),053-655-1196,2025-03-31
0229,청라언덕,S2702,대구 도시철도 2호선,Cheongna Hill,靑蘿坡,환승역,S0229+S0329,대구도시철도2호선+대구도시철도3호선,35.865000000000002,128.58232271,대구교통공사,중구 달구벌대로 지하2000 (동산동),053-256-7728,2025-03-31
0230,반월당,S2702,대구 도시철도 2호선,Banwoldang,半月堂,환승역,S0230+S0130,대구도시철도2호선+대구도시철도1호선,35.865591999999999,128.593334,대구교통공사,중구 달구벌대로 지하2100 (덕산동),053-252-0689,2025-03-31
0231,경대병원,S2702,대구 도시철도 2호선,Kyungpook Nat'l Univ. Hosp.,慶大病院,일반역,,,35.863101999999998,128.60316,대구교통공사,중구 달구벌대로 지하2190 (삼덕동),053-427-0523,2025-03-31
0232,대구은행(대구교육청),S2702,대구 도시철도 2호선,"Daegu Bank
(Daegu Metropolitan Office Of Education)","大邱銀行
(大邱敎育廳)",일반역,,,35.859867999999999,128.61397500000001,대구교통공사,수성구 달구벌대로 지하2300 (수성동),053-752-0206,2025-03-31
0233,범어,S2702,대구 도시철도 2호선,Beomeo,泛魚,일반역,,,35.859099999999998,128.62569999999999,대구교통공사,수성구 달구벌대로 지하2396 (범어동),053-756-9376,2025-03-31
0234,수성구청(KBS),S2702,대구 도시철도 2호선,"Suseong-gu Office
(KBS)",壽城區廳,일반역,,,35.858740220000001,128.63595169999999,대구교통공사,수성구 달구벌대로 지하2500 (범어동),053-756-7822,2025-03-31
0235,만촌,S2702,대구 도시철도 2호선,Manchon,晩村,일반역,,,35.858840999999998,128.64495099999999,대구교통공사,수성구 달구벌대로 지하2584 (만촌동),053-751-0287,2025-03-31
0236,담티(수성대·대륜),S2702,대구 도시철도 2호선,"Damti
(Polytechnic Collegeㆍ Daeryun Middle & High School)",한자가없음(壽城大ㆍ大倫),일반역,,,35.854841,128.65415100000001,대구교통공사,수성구 달구벌대로 지하2672 (만촌동),053-752-0959,2025-03-31
0237,연호,S2702,대구 도시철도 2호선,Yeonho,蓮湖,일반역,,,35.846499999999999,128.67185000000001,대구교통공사,수성구 달구벌대로 지하2870 (연호동),053-791-0922,2025-03-31
0238,수성알파시티(삼성라이온즈파크),S2702,대구 도시철도 2호선,"Suseong Alpha City
(Samsung Lions Park)",壽城알파시티,일반역,,,35.842717999999998,128.67999,대구교통공사,수성구 달구벌대로 지하2950 (연호동),053-791-0881,2025-03-31
0239,고산,S2702,대구 도시철도 2호선,Gosan,孤山,일반역,,,35.842955000000003,128.69335000000001,대구교통공사,수성구 달구벌대로 지하3080 (시지동),053-791-0858,2025-03-31
0240,신매,S2702,대구 도시철도 2호선,Sinmae,新梅,일반역,,,35.840800000000002,128.70500000000001,대구교통공사,수성구 달구벌대로 지하3180 (매호동),053-791-0898,2025-03-31
0241,사월,S2702,대구 도시철도 2호선,Sawol,沙月,일반역,,,35.837066,128.71517299999999,대구교통공사,수성구달구벌대로 지하3290 (신매동),053-813-0767,2025-03-31
0242,정평,S2702,대구 도시철도 2호선,Jeongpyeong,正坪,일반역,,,35.834069999999997,128.72869499999999,대구교통공사,"경상북도 경산시 대학로 지하60(정평동, 정평역)",053-811-4753,2025-03-31
0243,임당,S2702,대구 도시철도 2호선,Imdang,林堂,일반역,,,35.834130999999999,128.74107599999999,대구교통공사,"경상북도 경산시 대학로 지하170(중방동, 임당역)",053-811-0732,2025-03-31
0244,영남대,S2702,대구 도시철도 2호선,Yeungnam University,嶺南大,일반역,,,35.836373000000002,128.75296599999999,대구교통공사,"경상북도 경산시 대학로 지하270 (대동, 영남대역)",053-801-3785,2025-03-31
0312,칠곡경대병원,S2703,대구 도시철도 3호선,"Chilgok Kyungpook 
Nat‘l Univ. Medical Center",漆谷慶大病院,일반역,,,35.958387479999999,128.55989080000001,대구교통공사, 북구 팔거천동로 386(동호동),053-640-7381,2025-03-31
0313,학정,S2703,대구 도시철도 3호선,Hakjeong,鶴亭,일반역,,,35.951555120000002,128.5591934,대구교통공사, 북구 팔거천동로 310(학정동),053-640-7381,2025-03-31
0314,팔거(국립농관원통계청),S2703,대구 도시철도 3호선,Palgeo(NAQS · KOSTAT),八莒(國立農管院統計廳),일반역,,,35.944047159999997,128.55833659999999,대구교통공사, 북구 팔거천동로 226(동천동),053-640-7381,2025-03-31
0315,동천,S2703,대구 도시철도 3호선,Dongcheon,東川,일반역,,,35.937706579999997,128.55668299999999,대구교통공사, 북구 팔거천동로 147(동천동),053-640-7381,2025-03-31
0316,칠곡운암,S2703,대구 도시철도 3호선,Chilgok·Unam,漆谷雲岩,일반역,,,35.931455339999999,128.5545305,대구교통공사, 북구 팔거천동로 79(구암동),053-640-7381,2025-03-31
0317,구암(과학대보건대입구),S2703,대구 도시철도 3호선,"Guam
(Taegu Science Univ.
·Daegu Health College)",鳩岩(科學大·保健大入口),일반역,,,35.925742229999997,128.5503415,대구교통공사, 북구 팔거천동로 1(구암동),053-640-7381,2025-03-31
0318,태전,S2703,대구 도시철도 3호선,Taejeon,太田,일반역,,,35.919617199999998,128.54738800000001,대구교통공사, 북구 칠곡중앙대로 262(태전동),053-640-7431,2025-03-31
0319,매천,S2703,대구 도시철도 3호선,Maecheon,梅川,일반역,,,35.912649999999999,128.54339999999999,대구교통공사, 북구 학정로 6(매천동),053-640-7431,2025-03-31
0320,매천시장,S2703,대구 도시철도 3호선,Maecheon Market,梅川市場,일반역,,,35.904429999999998,128.54575500000001,대구교통공사, 북구 매천로 18길 39(매천동),053-640-7431,2025-03-31
0321,팔달,S2703,대구 도시철도 3호선,Paldal,八達,일반역,,,35.897770000000001,128.54679999999999,대구교통공사, 북구 매천로2길 43(팔달동),053-640-7431,2025-03-31
0322,공단,S2703,대구 도시철도 3호선,Gongdan,工團,일반역,,,35.892000000000003,128.55359999999999,대구교통공사, 북구 팔달로 28(비산동),053-640-7431,2025-03-31
0323,만평,S2703,대구 도시철도 3호선,Manpyeong,萬坪,일반역,,,35.889893000000001,128.561002,대구교통공사, 북구 팔달로 105(노원동3가),053-640-7431,2025-03-31
0324,팔달시장,S2703,대구 도시철도 3호선,Paldal Market,八達市場,일반역,,,35.888830849999998,128.56787159999999,대구교통공사, 북구 팔달로 163-1(노원동3가),053-640-7521,2025-03-31
0325,원대,S2703,대구 도시철도 3호선,Wondae,院垈,일반역,,,35.887886000000002,128.57439199999999,대구교통공사, 서구 팔달로 224-2(원대동3가),053-640-7521,2025-03-31
0326,"북구청
(대구iM뱅크파크)",S2703,대구 도시철도 3호선,"Buk-gu Office
(DGB Daegu Bank Park)",北區廳(DGB大邱銀行Park),일반역,,,35.883813949999997,128.58144830000001,대구교통공사, 서구 원대로 71(원대동2가),053-640-7521,2025-03-31
0327,달성공원,S2703,대구 도시철도 3호선,Dalseong Park,達城公園,일반역,,,35.875730009999998,128.58212180000001,대구교통공사, 중구 달성로 116(수창동),053-640-7521,2025-03-31
0328,서문시장(동산병원),S2703,대구 도시철도 3호선,"Seomun Market
(Dongsan Hospital)","西門市場
(東山病院)",일반역,,,35.869664290000003,128.58224100000001,대구교통공사, 중구 달성로 50(대신동),053-640-7521,2025-03-31
0329,청라언덕(신남),S2703,대구 도시철도 3호선,"Cheongna Hill
(sinnam)","靑蘿坡
(新南)",환승역,S0329+S0229,대구도시철도3호선+대구도시철도2호선,35.86419437,128.58237579999999,대구교통공사, 중구 남산로 80(남산동),053-640-7521,2025-03-31
0330,남산(계명네거리),S2703,대구 도시철도 3호선,"Namsan
(Gyemyeongnegeori)","南山
(계명네거리)",일반역,,,35.856689789999997,128.5834576,대구교통공사, 중구 남산로 2(남산동),053-640-7581,2025-03-31
0331,명덕(2·28민주운동기념회관),S2703,대구 도시철도 3호선,"Myeongdeok
(2·28Democracy Movement Hall)","明德
(2·28民主運動紀念會館)",환승역,S0331+S0129,대구도시철도3호선+대구도시철도1호선,35.856945179999997,128.5900469,대구교통공사, 남구 명덕로 186(대명동),053-640-7581,2025-03-31
0332,건들바위,S2703,대구 도시철도 3호선,Geondeulbawi,한자가없음,일반역,,,35.855382519999999,128.59969029999999,대구교통공사, 남구 명덕로 260(이천동),053-640-7581,2025-03-31
0333,대봉교,S2703,대구 도시철도 3호선,Daebonggyo,大鳳橋,일반역,,,35.854997830000002,128.6063685,대구교통공사, 남구 명덕로 330(이천동),053-640-7581,2025-03-31
0334,수성시장,S2703,대구 도시철도 3호선,Suseong Market,壽城市場,일반역,,,35.854316760000003,128.61602920000001,대구교통공사, 수성구 명덕로 420(수성동2가),053-640-7581,2025-03-31
0335,수성구민운동장,S2703,대구 도시철도 3호선,Suseong District Stadium,壽城區民運動場,일반역,,,35.852409790000003,128.62512459999999,대구교통공사, 수성구 동대구로 248(범어동),053-640-7581,2025-03-31
0336,어린이세상,S2703,대구 도시철도 3호선,Children's World,儿童世界,일반역,,,35.845169890000001,128.6244677,대구교통공사, 수성구 동대구로 166(황금동),053-640-7611,2025-03-31
0337,황금,S2703,대구 도시철도 3호선,Hwanggeum,黃金,일반역,,,35.839078379999997,128.6239185,대구교통공사, 수성구 동대구로 100(두산동),053-640-7611,2025-03-31
0338,수성못(TBC),S2703,대구 도시철도 3호선,Suseongmot(TBC),한자가없음,일반역,,,35.831356049999997,128.6232167,대구교통공사, 수성구 동대구로 14(지산동),053-640-7611,2025-03-31
0339,지산,S2703,대구 도시철도 3호선,Jisan,池山,일반역,,,35.825153219999997,128.6319513,대구교통공사, 수성구 지범로 100(지산동),053-640-7611,2025-03-31
0340,범물,S2703,대구 도시철도 3호선,Beommul,凡勿,일반역,,,35.820839169999999,128.6401127,대구교통공사, 수성구 지범로 194(범물동),053-640-7611,2025-03-31
0341,용지,S2703,대구 도시철도 3호선,Yongji,龍池,일반역,,,35.818267800000001,128.6465345,대구교통공사, 수성구 범안로 83(범물동),053-640-7611,2025-03-31
101,판암,S3001,대전 도시철도 1호선,Panam,板岩,일반역,,,36.316896,127.458264,대전교통공사,대전광역시 동구 옥천로 지하162 (판암동),042-539-3601,2026-06-25
102,신흥,S3001,대전 도시철도 1호선,Sinheung,新興,일반역,,,36.319651999999998,127.448792,대전교통공사,대전광역시 동구 옥천로 지하 70 (판암동),042-539-3602,2026-06-25
103,대동,S3001,대전 도시철도 1호선,Dae-dong,大洞,일반역,,,36.329532,127.442848,대전교통공사,대전광역시 동구 계족로 지하 176 (대동),042-539-3603,2026-06-25
104,대전,S3001,대전 도시철도 1호선,Daejeon,大田,일반역,,,36.331583000000002,127.43311799999999,대전교통공사,대전광역시 동구 중앙로 지하 218 (중동),042-539-3604,2026-06-25
105,중앙로,S3001,대전 도시철도 1호선,Jungangno,中央路,일반역,,,36.328664000000003,127.425842,대전교통공사,대전광역시 중구 중앙로 지하 145 (은행동),042-539-3605,2026-06-25
106,중구청,S3001,대전 도시철도 1호선,Jung-gu Office,中區廳,일반역,,,36.324831000000003,127.41962700000001,대전교통공사,대전광역시 중구 중앙로 지하 71 (선화동),042-539-3606,2026-06-25
107,서대전네거리,S3001,대전 도시철도 1호선,Seodaejeon negeori,西大田네거리,일반역,,,36.322415999999997,127.41251800000001,대전교통공사,대전광역시 중구 계룡로 지하 889(용두동),042-539-3607,2026-06-25
108,오룡,S3001,대전 도시철도 1호선,Oryong,五龍,일반역,,,36.328581999999997,127.405046,대전교통공사,대전광역시 중구 계룡로 지하 793(오류동),042-539-3608,2026-06-25
109,용문,S3001,대전 도시철도 1호선,Yongmun,龍汶,일반역,,,36.338251999999997,127.393317,대전교통공사,대전광역시 서구 계룡로 지하 644(용문동),042-539-3609,2026-06-25
110,탄방,S3001,대전 도시철도 1호선,Tanbang,炭坊,일반역,,,36.345440000000004,127.384603,대전교통공사,대전광역시 서구 문정로48번길 지하 19(탄방동),042-539-3610,2026-06-25
111,시청,S3001,대전 도시철도 1호선,City Hall,市廳,일반역,,,36.351672999999998,127.38673900000001,대전교통공사,대전광역시 서구 둔산중로 지하 55(둔산동),042-539-3611,2026-06-25
112,정부청사,S3001,대전 도시철도 1호선,Government  Complex Daejeon,政府廳舍,일반역,,,36.357661,127.381047,대전교통공사,대전광역시 서구 한밭대로 지하 744(둔산동),042-539-3612,2026-06-25
113,갈마,S3001,대전 도시철도 1호선,Galma,葛馬,일반역,,,36.357522000000003,127.372632,대전교통공사,대전광역시 서구 한밭대로 지하 666(갈마동),042-539-3613,2026-06-25
114,월평,S3001,대전 도시철도 1호선,Wolpyeong,月坪,일반역,,,36.358271999999999,127.36438200000001,대전교통공사,대전광역시 서구 한밭대로 지하 595(월평동),042-539-3614,2026-06-25
115,갑천,S3001,대전 도시철도 1호선,Gapcheon,甲川,일반역,,,36.354577999999997,127.354467,대전교통공사,대전광역시 서구 갑천도시고속도로 지하 1833(월평동),042-539-3615,2026-06-25
116,유성온천,S3001,대전 도시철도 1호선,Yuseong Spa,儒城溫泉,일반역,,,36.353689000000003,127.34152400000001,대전교통공사,대전광역시 유성구 계룡로 지하 97(봉명동),042-539-3616,2026-06-25
117,구암,S3001,대전 도시철도 1호선,Guam,九岩,일반역,,,36.356605000000002,127.33083000000001,대전교통공사,대전광역시 유성구 유성대로 703(구암동),042-539-3617,2026-06-25
118,현충원,S3001,대전 도시철도 1호선,National  Cemetery,顯忠院,일반역,,,36.359020999999998,127.32152499999999,대전교통공사,대전광역시 유성구 현충원로 지하 455(구암동),042-539-3618,2026-06-25
119,월드컵경기장,S3001,대전 도시철도 1호선,World Cup  Stadium,월드컵競技場,일반역,,,36.366824999999999,127.317859,대전교통공사,대전광역시 유성구 한밭대로 지하 155(노은동),042-539-3619,2026-06-25
120,노은,S3001,대전 도시철도 1호선,Noeun,老隱,일반역,,,36.37415,127.317835,대전교통공사,대전광역시 유성구 노은로 지하 161(지족동),042-539-3620,2026-06-25
121,지족,S3001,대전 도시철도 1호선,Jijok,智足,일반역,,,36.384106000000003,127.319501,대전교통공사,대전광역시 유성구 노은로 273(지족동),042-539-3621,2026-06-25
122,반석,S3001,대전 도시철도 1호선,Banseok,盤石,일반역,,,36.392128,127.314581,대전교통공사,대전광역시 유성구 북유성대로 지하 303(반석동),042-539-3622,2026-06-25
0095,다대포해수욕장,S2601,부산 도시철도 1호선,Dadaepo Beach,多大浦海水浴場,일반역,,,35.048228999999999,128.96591900000001,부산광역시 부산교통공사,부산광역시 사하구 다대로 지하 692,051-678-6195,2022-11-30
0096,다대포항,S2601,부산 도시철도 1호선,Dadaepo Harbor,多大浦港,일반역,,,35.057288,128.97115099999999,부산광역시 부산교통공사,부산광역시 사하구 다대로 지하 548,051-678-6196,2022-11-30
0097,낫개,S2601,부산 도시철도 1호선,Natgae,羅浦,일반역,,,35.065179000000001,128.979702,부산광역시 부산교통공사,부산광역시 사하구 다대로 지하422,051-678-6197,2022-11-30
0098,신장림,S2601,부산 도시철도 1호선,Sinjangnim,新長林,일반역,,,35.074221999999999,128.97653800000001,부산광역시 부산교통공사,부산광역시 사하구 다대로 지하310,051-678-6198,2022-11-30
0099,장림,S2601,부산 도시철도 1호선,Jangnim,長林,일반역,,,35.081555000000002,128.9773083,부산광역시 부산교통공사,부산광역시 사하구 다대로 지하230,051-678-6199,2022-11-30
0100,동매,S2601,부산 도시철도 1호선,Dongmae,東山,일반역,,,35.089818999999999,128.974029,부산광역시 부산교통공사,부산광역시 사하구 신산로 지하168,051-678-6100,2022-11-30
0101,신평,S2601,부산 도시철도 1호선,Sinpyeong,新平,일반역,,,35.095559999999999,128.96055999999999,부산광역시 부산교통공사,부산광역시 사하구 하신번영로 140,051-678-6101,2022-11-30
0102,하단,S2601,부산 도시철도 1호선,Hadan,下端,일반역,,,35.106110000000001,128.96666999999999,부산광역시 부산교통공사,부산광역시 사하구 낙동남로 지하 1415,051-678-6102,2022-11-30
0103,당리,S2601,부산 도시철도 1호선,Dangni,堂里,일반역,,,35.10333,128.97416999999999,부산광역시 부산교통공사,부산광역시 사하구 낙동대로 지하 405,051-678-6103,2022-11-30
0104,사하,S2601,부산 도시철도 1호선,Saha,沙下,일반역,,,35.099719999999998,128.98333,부산광역시 부산교통공사,부산광역시 사하구 낙동대로 지하 309,051-678-6104,2022-11-30
0105,괴정,S2601,부산 도시철도 1호선,Goejeong,槐亭,일반역,,,35.1,128.99250000000001,부산광역시 부산교통공사,부산광역시 사하구 낙동대로 지하 221,051-678-6105,2022-11-30
0106,대티,S2601,부산 도시철도 1호선,Daeti,大峙,일반역,,,35.103059999999999,128.99972,부산광역시 부산교통공사,부산광역시 사하구 낙동대로 지하 141,051-678-6106,2022-11-30
0107,서대신,S2601,부산 도시철도 1호선,Seodaesin,西大新,일반역,,,35.11083,129.01194000000001,부산광역시 부산교통공사,부산광역시 서구 대영로 지하 1,051-678-6107,2022-11-30
0108,동대신,S2601,부산 도시철도 1호선,Dongdaesin,東大新,일반역,,,35.11056,129.01757000000001,부산광역시 부산교통공사,부산광역시 서구 구덕로 지하 290,051-678-6108,2022-11-30
0109,토성,S2601,부산 도시철도 1호선,Toseong,土城,일반역,,,35.100830000000002,129.01972000000001,부산광역시 부산교통공사,부산광역시 서구 구덕로 지하 170,051-678-6109,2022-11-30
0110,자갈치,S2601,부산 도시철도 1호선,Jagalchi,札其,일반역,,,35.097499999999997,129.02694,부산광역시 부산교통공사,부산광역시 중구 구덕로 지하 80,051-678-6110,2022-11-30
0111,남포,S2601,부산 도시철도 1호선,Nampo,南浦,일반역,,,35.09778,129.03471999999999,부산광역시 부산교통공사,부산광역시 중구 구덕로 지하 12,051-678-6111,2022-11-30
0112,중앙,S2601,부산 도시철도 1호선,Jungang,中央,일반역,,,35.10389,129.03639000000001,부산광역시 부산교통공사,부산광역시 중구 중앙대로 지하 83,051-678-6112,2022-11-30
0113,부산역,S2601,부산 도시철도 1호선,Busan Station,釜山驛,일반역,,,35.115279999999998,129.03971999999999,부산광역시 부산교통공사,부산광역시 동구 중앙대로 지하 200,051-678-6113,2022-11-30
0114,초량,S2601,부산 도시철도 1호선,Choryang,草梁,일반역,,,35.121110000000002,129.04295999999999,부산광역시 부산교통공사,부산광역시 동구 중앙대로 지하 264,051-678-6114,2022-11-30
0115,부산진,S2601,부산 도시철도 1호선,Busanjin,釜山鎭,일반역,,,35.127780000000001,129.04777999999999,부산광역시 부산교통공사,부산광역시 동구 중앙대로 지하 350,051-678-6115,2022-11-30
0116,좌천,S2601,부산 도시철도 1호선,Jwacheon,佐川,일반역,,,35.134169999999997,129.05417,부산광역시 부산교통공사,부산광역시 동구 중앙대로 지하 446,051-678-6116,2022-11-30
0117,범일,S2601,부산 도시철도 1호선,Beomil,凡一,일반역,,,35.141390000000001,129.05944,부산광역시 부산교통공사,부산광역시 동구 범일로 지하 108,051-678-6117,2022-11-30
0118,범내골,S2601,부산 도시철도 1호선,Beomnaegol,凡內谷,일반역,,,35.147219999999997,129.05916999999999,부산광역시 부산교통공사,부산광역시 부산진구 중앙대로 지하 612,051-678-6118,2022-11-30
0119,서면,S2601,부산 도시철도 1호선,Seomyeon,西面,환승역,S2601+S2602,부산 도시철도 1호선+부산 도시철도 2호선,35.157780000000002,129.05916999999999,부산광역시 부산교통공사,부산광역시 부산진구 중앙대로 지하 730,051-678-6119,2022-11-30
0120,부전,S2601,부산 도시철도 1호선,Bujeon,釜田,일반역,,,35.162500000000001,129.06278,부산광역시 부산교통공사,부산광역시 부산진구 중앙대로 지하 786,051-678-6120,2022-11-30
0121,양정,S2601,부산 도시철도 1호선,Yangjeong,楊亭,일반역,,,35.17304,129.07119,부산광역시 부산교통공사,부산광역시 부산진구 중앙대로 지하930 ,051-678-6121,2022-11-30
0122,시청(연제),S2601,부산 도시철도 1호선,City Hall,市廳,일반역,,,35.179720000000003,129.07667000000001,부산광역시 부산교통공사,부산광역시 연제구 중앙대로 지하 1017,051-678-6122,2022-11-30
0123,연산,S2601,부산 도시철도 1호선,Yeonsan,蓮山,환승역,S2601+S2603,부산 도시철도 1호선+부산 도시철도 3호선,35.186109999999999,129.08167,부산광역시 부산교통공사,부산광역시 연제구 중앙대로 지하 1101,051-678-6123,2022-11-30
0124,교대,S2601,부산 도시철도 1호선,Busan Nat'l Univ. of Edu,釜山敎育大學校,환승역,S2601+I26K6,부산 도시철도 1호선+동해선,35.195830000000001,129.08000000000001,부산광역시 부산교통공사,부산광역시 연제구 중앙대로 지하 1217,051-678-6124,2022-11-30
0125,동래,S2601,부산 도시철도 1호선,Dongnae,東萊,환승역,S2601+L2604,부산 도시철도 1호선+부산 경량도시철도 4호선,35.205559999999998,129.078461,부산광역시 부산교통공사,부산광역시 동래구 중앙대로 1324,051-678-6125,2022-11-30
0126,명륜,S2601,부산 도시철도 1호선,Myeongnyun,明倫,일반역,,,35.212220000000002,129.07944000000001,부산광역시 부산교통공사,부산광역시 동래구 중앙대로 1414,051-678-6126,2022-11-30
0127,온천장,S2601,부산 도시철도 1호선,Oncheonjang,溫泉場,일반역,,,35.220559999999999,129.08667,부산광역시 부산교통공사,부산광역시 동래구 중앙대로 1520,051-678-6127,2022-11-30
0128,부산대,S2601,부산 도시철도 1호선,Pusan Nat’l Univ.,釜山大學校,일반역,,,35.229999999999997,129.08944,부산광역시 부산교통공사,부산광역시 금정구 장전온천천로 48,051-678-6128,2022-11-30
0129,장전,S2601,부산 도시철도 1호선,Jangjeon,長箭,일반역,,,35.238059999999997,129.08806000000001,부산광역시 부산교통공사,부산광역시 금정구 장전온천천로 144,051-678-6129,2022-11-30
0130,구서,S2601,부산 도시철도 1호선,Guseo,久瑞,일반역,,,35.247407000000003,129.09132700000001,부산광역시 부산교통공사,부산광역시 금정구 금정로 233번길 46,051-678-6130,2022-11-30
0131,두실,S2601,부산 도시철도 1호선,Dusil,斗實,일반역,,,35.25694,129.09138999999999,부산광역시 부산교통공사,부산광역시 금정구 중앙대로 1927-1,051-678-6131,2022-11-30
0132,남산,S2601,부산 도시철도 1호선,Namsan,南山,일반역,,,35.265279999999997,129.0925,부산광역시 부산교통공사,부산광역시 금정구 중앙대로 지하2019-1 ,051-678-6132,2022-11-30
0133,범어사,S2601,부산 도시철도 1호선,Beomeosa,梵魚寺,일반역,,,35.273330000000001,129.09268,부산광역시 부산교통공사,부산광역시 금정구 중앙대로 지하 2107,051-678-6133,2022-11-30
0134,노포,S2601,부산 도시철도 1호선,Nopo,老圃,일반역,,,35.283610000000003,129.095,부산광역시 부산교통공사,부산광역시 금정구 중앙대로 2238,051-678-6134,2022-11-30
0201,장산,S2602,부산 도시철도 2호선,Jangsan,萇山,일반역,,,35.17,129.17694,부산광역시 부산교통공사,부산광역시 해운대구 해운대로 지하 820,051-678-6201,2022-11-30
0202,중동,S2602,부산 도시철도 2호선,Jung-dong,中洞,일반역,,,35.166690000000003,129.16887,부산광역시 부산교통공사,부산광역시 해운대구 해운대로 지하 730,051-678-6202,2022-11-30
0203,해운대,S2602,부산 도시철도 2호선,Haeundae,海雲臺,일반역,,,35.163518000000003,129.15858399999999,부산광역시 부산교통공사,부산광역시 해운대구 해운대로 지하 626,051-678-6203,2022-11-30
0204,동백,S2602,부산 도시철도 2호선,Dongbaek,冬柏,일반역,,,35.161470000000001,129.147887,부산광역시 부산교통공사,부산광역시 해운대구 해운대로 지하 522,051-678-6204,2022-11-30
0205,벡스코,S2602,부산 도시철도 2호선,BEXCO,BEXCO,환승역,S2602+I26K6,부산 도시철도 2호선+동해선,35.169110000000003,129.138431,부산광역시 부산교통공사,부산광역시 해운대구 해운대로 지하 396,051-678-6205,2022-11-30
0206,센텀시티,S2602,부산 도시철도 2호선,Centum City,CentumCity,일반역,,,35.16892,129.131764,부산광역시 부산교통공사,부산광역시 해운대구 센텀남대로 지하 76,051-678-6206,2022-11-30
0207,민락,S2602,부산 도시철도 2호선,Millak,民樂,일반역,,,35.16722,129.12187800000001,부산광역시 부산교통공사,부산광역시 수영구 수영로 지하 769,051-678-6207,2022-11-30
0208,수영,S2602,부산 도시철도 2호선,Suyeong,水營,환승역,S2602+S2603,부산 도시철도 2호선+부산 도시철도 3호선,35.165779999999998,129.11484200000001,부산광역시 부산교통공사,부산광역시 수영구 수영로 지하 677,051-678-6208,2022-11-30
0209,광안,S2602,부산 도시철도 2호선,Gwangan,廣安,일반역,,,35.157919999999997,129.11319700000001,부산광역시 부산교통공사,부산광역시 수영구 수영로 지하 576,051-678-6209,2022-11-30
0210,금련산,S2602,부산 도시철도 2호선,Geumnyeonsan,金蓮山,일반역,,,35.149889999999999,129.111008,부산광역시 부산교통공사,부산광역시 수영구 수영로 지하 482,051-678-6210,2022-11-30
0211,남천,S2602,부산 도시철도 2호선,Namcheon,南川,일반역,,,35.14217,129.10796999999999,부산광역시 부산교통공사,부산광역시 수영구 수영로 지하 410,051-678-6211,2022-11-30
0212,경성대·부경대,S2602,부산 도시철도 2호선,Kyungsung Univ.·Pukyong Nat’l Univ.,慶星大釜慶大,일반역,,,35.137569999999997,129.10055,부산광역시 부산교통공사,부산광역시 남구 수영로 지하 324,051-678-6212,2022-11-30
0213,대연,S2602,부산 도시철도 2호선,Daeyeon,大淵,일반역,,,35.135120000000001,129.09218000000001,부산광역시 부산교통공사,부산광역시 남구 수영로 지하 242,051-678-6213,2022-11-30
0214,못골,S2602,부산 도시철도 2호선,Motgol,池谷,일반역,,,35.134720000000002,129.08441999999999,부산광역시 부산교통공사,부산광역시 남구 수영로 지하 170,051-678-6214,2022-11-30
0215,지게골,S2602,부산 도시철도 2호선,Jigegol,支架谷,일반역,,,35.135579999999997,129.07436000000001,부산광역시 부산교통공사,부산광역시 남구 수영로 지하 70,051-678-6215,2022-11-30
0216,문현,S2602,부산 도시철도 2호선,Munhyeon,門峴,일반역,,,35.139110000000002,129.06736000000001,부산광역시 부산교통공사,부산광역시 남구 전포대로 지하 17,051-678-6216,2022-11-30
0217,국제금융센터·부산은행,S2602,부산 도시철도 2호선,Busan Int’l Finance Center·Busan Bank,釜山國際金融中心·釜山銀行,일반역,,,35.145829999999997,129.06672,부산광역시 부산교통공사,부산광역시 남구 전포대로 지하97 ,051-678-6217,2022-11-30
0218,전포,S2602,부산 도시철도 2호선,Jeonpo,田浦,일반역,,,35.153109999999998,129.06532999999999,부산광역시 부산교통공사,부산광역시 부산진구 전포대로 지하 181,051-678-6218,2022-11-30
0219,서면,S2602,부산 도시철도 2호선,Seomyeon,西面,환승역,S2601+S2602,부산 도시철도 1호선+부산 도시철도 2호선,35.157679999999999,129.05851699999999,부산광역시 부산교통공사,부산광역시 부산진구 부전동 573번지,051-678-6219,2022-11-30
0220,부암,S2602,부산 도시철도 2호선,Buam,釜岩,일반역,,,35.157440000000001,129.05018999999999,부산광역시 부산교통공사,부산광역시 부산진구 가야대로 지하 719,051-678-6220,2022-11-30
0221,가야,S2602,부산 도시철도 2호선,Gaya,伽倻,일반역,,,35.155889999999999,129.04283000000001,부산광역시 부산교통공사,부산광역시 부산진구 가야대로 지하 650,051-678-6221,2022-11-30
0222,동의대,S2602,부산 도시철도 2호선,Dong-eui Univ.,東義大,일반역,,,35.154110000000003,129.0325,부산광역시 부산교통공사,부산광역시 부산진구 가야대로 지하 554,051-678-6222,2022-11-30
0223,개금,S2602,부산 도시철도 2호선,Gaegeum,開琴,일반역,,,35.15325,129.02055999999999,부산광역시 부산교통공사,부산광역시 부산진구 가야대로 지하 442,051-678-6223,2022-11-30
0224,냉정,S2602,부산 도시철도 2호선,Naengjeong,冷井,일반역,,,35.151249999999997,129.01228,부산광역시 부산교통공사,부산광역시 사상구 가야대로 지하 362-1,051-678-6224,2022-11-30
0225,주례,S2602,부산 도시철도 2호선,Jurye,周禮,일반역,,,35.150500000000001,129.00306,부산광역시 부산교통공사,부산광역시 사상구 가야대로 지하 292,051-678-6225,2022-11-30
0226,감전,S2602,부산 도시철도 2호선,Gamjeon,甘田,일반역,,,35.155529999999999,128.99114,부산광역시 부산교통공사,부산광역시 사상구 사상로 지하 93-1,051-678-6226,2022-11-30
0227,사상,S2602,부산 도시철도 2호선,Sasang,沙上,환승역,S2602+L26B1,부산 도시철도 2호선+부산김해경전철,35.162179999999999,128.98466999999999,부산광역시 부산교통공사,부산광역시 사상구 사상로 지하 203,051-678-6227,2022-11-30
0228,덕포,S2602,부산 도시철도 2호선,Deokpo,德浦,일반역,,,35.173780000000001,128.98393999999999,부산광역시 부산교통공사,부산광역시 사상구 사상로 지하 320-1,051-678-6228,2022-11-30
0229,모덕,S2602,부산 도시철도 2호선,Modeok,毛德,일반역,,,35.18036,128.98561000000001,부산광역시 부산교통공사,부산광역시 사상구 사상로 지하 409,051-678-6229,2022-11-30
0230,모라,S2602,부산 도시철도 2호선,Mora,毛羅,일반역,,,35.18967,128.98864,부산광역시 부산교통공사,부산광역시 사상구 사상로 지하 498,051-678-6230,2022-11-30
0231,구남,S2602,부산 도시철도 2호선,Gunam,龜南,일반역,,,35.196809999999999,128.99492000000001,부산광역시 부산교통공사,부산광역시 북구 백양대로 지하 1026,051-678-6231,2022-11-30
0232,구명,S2602,부산 도시철도 2호선,Gumyeong,龜明,일반역,,,35.202530000000003,128.99931000000001,부산광역시 부산교통공사,부산광역시 북구 백양대로 지하 1094,051-678-6232,2022-11-30
0233,덕천,S2602,부산 도시철도 2호선,Deokcheon,德川,환승역,S2602+S2603,부산 도시철도 2호선+부산 도시철도 3호선,35.21011,129.00532999999999,부산광역시 부산교통공사,부산광역시 북구 금곡대로 지하 14,051-678-6233,2022-11-30
0234,수정,S2602,부산 도시철도 2호선,Sujeong,水亭,일반역,,,35.22336,129.00922,부산광역시 부산교통공사,부산광역시 북구 금곡대로 지하160 ,051-678-6234,2022-11-30
0235,화명,S2602,부산 도시철도 2호선,Hwamyeong,華明,일반역,,,35.235849999999999,129.01387,부산광역시 부산교통공사,부산광역시 북구 금곡대로 지하 311,051-678-6235,2022-11-30
0236,율리,S2602,부산 도시철도 2호선,Yulli,栗里,일반역,,,35.246720000000003,129.01292000000001,부산광역시 부산교통공사,부산광역시 북구 금곡대로 지하 440,051-678-6236,2022-11-30
0237,동원,S2602,부산 도시철도 2호선,Dongwon,東院,일반역,,,35.25864,129.01241999999999,부산광역시 부산교통공사,부산광역시 북구 금곡대로 575,051-678-6237,2022-11-30
0238,금곡,S2602,부산 도시철도 2호선,Geumgok,金谷,일반역,,,35.267330000000001,129.01686000000001,부산광역시 부산교통공사,부산광역시 북구 금곡대로 685,051-678-6238,2022-11-30
0239,호포,S2602,부산 도시철도 2호선,Hopo,湖浦,일반역,,,35.280999999999999,129.01752500000001,부산광역시 부산교통공사,경상남도 양산시 동면 양산대로 62,051-678-6239,2022-11-30
0240,증산,S2602,부산 도시철도 2호선,Jeungsan,甑山,일반역,,,35.308280000000003,129.01027999999999,부산광역시 부산교통공사,경상남도 양산시 물금읍 메기로 168,051-678-6240,2022-11-30
0241,부산대양산캠퍼스,S2602,부산 도시철도 2호선,Pusan Nat’l Univ. Yangsan Campus,釜山大梁山Campus,일반역,,,35.316969999999998,129.01383000000001,부산광역시 부산교통공사,경상남도 양산시 물금읍 메기로 270,051-678-6241,2022-11-30
0242,남양산,S2602,부산 도시철도 2호선,Namyangsan,南梁山,일반역,,,35.325330000000001,129.01942,부산광역시 부산교통공사,경상남도 양산시 동면 메기로 380,051-678-6242,2022-11-30
0243,양산,S2602,부산 도시철도 2호선,Yangsan,梁山,일반역,,,35.338509999999999,129.02643,부산광역시 부산교통공사,경상남도 양산시 강변로 441,051-678-6243,2022-11-30
0301,수영,S2603,부산 도시철도 3호선,Suyeong,水營,환승역,S2602+S2603,부산 도시철도 2호선+부산 도시철도 3호선,35.167749999999998,129.11457999999999,부산광역시 부산교통공사,부산광역시 수영구 수영로 677,051-678-6301,2022-11-30
0302,망미,S2603,부산 도시철도 3호선,Mangmi,望美,일반역,,,35.171529999999997,129.10821999999999,부산광역시 부산교통공사,부산광역시 수영구 연수로 지하 337,051-678-6302,2022-11-30
0303,배산,S2603,부산 도시철도 3호선,Baesan,盃山,일반역,,,35.173499999999997,129.09549999999999,부산광역시 부산교통공사,부산광역시 연제구 연수로 지하 229,051-678-6303,2022-11-30
0304,물만골,S2603,부산 도시철도 3호선,Mulmangol,水滿谷,일반역,,,35.176810000000003,129.08574999999999,부산광역시 부산교통공사,부산광역시 연제구 월드컵대로 지하 23,051-678-6304,2022-11-30
0305,연산,S2603,부산 도시철도 3호선,Yeonsan,蓮山,환승역,S2601+S2603,부산 도시철도 1호선+부산 도시철도 3호선,35.186140000000002,129.08147,부산광역시 부산교통공사,부산광역시 연제구 연산동 1515-1번지,051-678-6305,2022-11-30
0306,거제,S2603,부산 도시철도 3호선,Geoje,巨堤,환승역,S2603+I26K6,부산 도시철도 3호선+동해선,35.188580000000002,129.07393999999999,부산광역시 부산교통공사,부산광역시 연제구 월드컵대로 지하 209,051-678-6306,2022-11-30
0307,종합운동장,S2603,부산 도시철도 3호선,Sports Complex,綜合運動場,일반역,,,35.191249999999997,129.0675,부산광역시 부산교통공사,부산광역시 연제구 아시아드대로 지하 73,051-678-6307,2022-11-30
0308,사직,S2603,부산 도시철도 3호선,Sajik,社稷,일반역,,,35.198999999999998,129.065,부산광역시 부산교통공사,부산광역시 동래구 아시아드대로 지하 153,051-678-6308,2022-11-30
0309,미남,S2603,부산 도시철도 3호선,Minam,美南,환승역,S2603+L2604,부산 도시철도 3호선+부산 경량도시철도 4호선,35.205500000000001,129.06806,부산광역시 부산교통공사,부산광역시 동래구 아시아드대로 지하 232,051-678-6309,2022-11-30
0310,만덕,S2603,부산 도시철도 3호선,Mandeok,萬德,일반역,,,35.213000000000001,129.03649999999999,부산광역시 부산교통공사,부산광역시 북구 만덕대로 지하 291,051-678-6310,2022-11-30
0311,남산정,S2603,부산 도시철도 3호선,Namsanjeong,南山亭,일반역,,,35.213329999999999,129.02392,부산광역시 부산교통공사,부산광역시 북구 만덕대로 지하 179,051-678-6311,2022-11-30
0312,숙등,S2603,부산 도시철도 3호선,Sukdeung,淑嶝,일반역,,,35.211970000000001,129.01275000000001,부산광역시 부산교통공사,부산광역시 북구 만덕대로 지하 79,051-678-6312,2022-11-30
0313,덕천,S2603,부산 도시철도 3호선,Deokcheon,德川,환승역,S2602+S2603,부산 도시철도 2호선+부산 도시철도 3호선,35.210138999999998,129.00554500000001,부산광역시 부산교통공사,부산광역시 북구 덕천동 327번지,051-678-6313,2022-11-30
0314,구포,S2603,부산 도시철도 3호선,Gupo,龜浦,일반역,,,35.206440000000001,128.99630999999999,부산광역시 부산교통공사,부산광역시 북구 낙동대로 1697,051-678-6314,2022-11-30
0315,강서구청,S2603,부산 도시철도 3호선,Gangseo-gu Office,江西區廳,일반역,,,35.21125,128.98175000000001,부산광역시 부산교통공사,부산광역시 강서구 낙동북로 485,051-678-6315,2022-11-30
0316,체육공원,S2603,부산 도시철도 3호선,Sports Park,體育公園,일반역,,,35.212609999999998,128.96894,부산광역시 부산교통공사,부산광역시 강서구 낙동북로 371,051-678-6316,2022-11-30
0317,대저,S2603,부산 도시철도 3호선,Daejeo,大渚,환승역,S2603+L26B1,부산 도시철도 3호선+부산김해경전철,35.213430000000002,128.96073999999999,부산광역시 부산교통공사,부산광역시 강서구 낙동북로 295,051-678-6317,2022-11-30
0401,미남,L2604,부산 경량도시철도 4호선,Minam,美南,환승역,S2603+L2604,부산 도시철도 3호선+부산 경량도시철도 4호선,35.206429999999997,129.06868,부산광역시 부산교통공사,부산광역시 동래구 충렬대로 지하 147,051-678-6401,2022-11-30
0402,동래,L2604,부산 경량도시철도 4호선,Dongnae,東萊,환승역,S2601+L2604,부산 도시철도 1호선+부산 경량도시철도 4호선,35.204659999999997,129.07740999999999,부산광역시 부산교통공사,부산광역시 동래구 온천2동 1486번지,051-678-6402,2022-11-30
0403,수안,L2604,부산 경량도시철도 4호선,Suan,壽安,일반역,,,35.201830000000001,129.08377999999999,부산광역시 부산교통공사,부산광역시 동래구 충렬대로 지하 223,051-678-6403,2022-11-30
0404,낙민,L2604,부산 경량도시철도 4호선,Nangmin,樂民,일반역,,,35.200249999999997,129.09078,부산광역시 부산교통공사,부산광역시 동래구 충렬대로 지하 285,051-678-6404,2022-11-30
0405,충렬사,L2604,부산 경량도시철도 4호선,Chungnyeolsa,忠烈祠,일반역,,,35.199860000000001,129.09764000000001,부산광역시 부산교통공사,부산광역시 동래구 반송로 지하 205,051-678-6405,2022-11-30
0406,명장,L2604,부산 경량도시철도 4호선,Myeongjang,鳴藏,일반역,,,35.205030000000001,129.10160999999999,부산광역시 부산교통공사,부산광역시 동래구 반송로 지하 281,051-678-6406,2022-11-30
0407,서동,L2604,부산 경량도시철도 4호선,Seo-dong,書洞,일반역,,,35.21331,129.10768999999999,부산광역시 부산교통공사,부산광역시 금정구 반송로 지하 387,051-678-6407,2022-11-30
0408,금사,L2604,부산 경량도시철도 4호선,Geumsa,錦絲,일반역,,,35.215829999999997,129.11517000000001,부산광역시 부산교통공사,부산광역시 금정구 반송로 지하 465,051-678-6408,2022-11-30
0409,반여농산물시장,L2604,부산 경량도시철도 4호선,Banyeo Agricultural Market,盤如農産物市場,일반역,,,35.217779999999998,129.12397000000001,부산광역시 부산교통공사,부산광역시 해운대구 반송로 550,051-678-6409,2022-11-30
0410,석대,L2604,부산 경량도시철도 4호선,Seokdae,石坮,일반역,,,35.218249999999998,129.13717,부산광역시 부산교통공사,부산광역시 해운대구 석대천로 121,051-678-6410,2022-11-30
0411,영산대,L2604,부산 경량도시철도 4호선,Youngsan Univ.,靈山大,일반역,,,35.22578,129.14617000000001,부산광역시 부산교통공사,부산광역시 해운대구 반송로 803,051-678-6411,2022-11-30
0412,윗반송,L2604,부산 경량도시철도 4호선,Witbansong,上盤松,일반역,,,35.232500000000002,129.15403000000001,부산광역시 부산교통공사,부산광역시 해운대구 반송로 917,051-678-6412,2022-11-30
0413,고촌,L2604,부산 경량도시철도 4호선,Gochon,古村,일반역,,,35.23603,129.16050000000001,부산광역시 부산교통공사,부산광역시 기장군 철마면 반송로 991,051-678-6413,2022-11-30
0414,안평,L2604,부산 경량도시철도 4호선,Anpyeong,安平,일반역,,,35.23733,129.17183,부산광역시 부산교통공사,부산광역시 기장군 철마면 반송로 1001,051-678-6414,2022-11-30
0001,사상,L48B1,부산김해경전철,Sasang,沙上,환승역,L48B1+S2602,부산김해경전철+부산 도시철도 2호선,35.162301800000002,128.98594080000001,부산-김해경전철㈜,부산광역시 사상구 광장로 83,055-310-9601,2022-04-27
0002,괘법르네시떼,L48B1,부산김해경전철,Gwaebeop Renecite,掛法,일반역,,,35.163261599999998,128.97768360000001,부산-김해경전철㈜,부산광역시 사상구 광장로 9,055-310-9602,2022-04-27
0003,서부산유통지구,L48B1,부산김해경전철,Seobusan Yutongjigu,西釜山流通地區,일반역,,,35.166402040000001,128.95488810000001,부산-김해경전철㈜,부산광역시 강서구 유통단지1로 57번길 7,055-310-9603,2022-04-27
0004,공항,L48B1,부산김해경전철,Gimhae International Airport,控抗,일반역,,,35.171906,128.94858600000001,부산-김해경전철㈜,부산광역시 강서구 공항진입로 165,055-310-9604,2022-04-27
0005,덕두,L48B1,부산김해경전철,Deokdu,德斗,일반역,,,35.182001,128.95419799999999,부산-김해경전철㈜,부산광역시 강서구 경전철로 10,055-310-9605,2022-04-27
0006,등구,L48B1,부산김해경전철,Deunggu,登龜,일반역,,,35.196142999999999,128.96359899999999,부산-김해경전철㈜,부산광역시 강서구 경전철로 194,055-310-9606,2022-04-27
0007,대저,L48B1,부산김해경전철,Daejeo,大猪,환승역,L48B1+S2603,부산김해경전철+부산 도시철도 3호선,35.213065999999998,128.96056200000001,부산-김해경전철㈜,부산광역시 강서구 낙동북로 294,055-310-9607,2022-04-27
0008,평강,L48B1,부산김해경전철,Pyeonggang,平江,일반역,,,35.214105000000004,128.95082500000001,부산-김해경전철㈜,부산광역시 강서구 낙동북로 203,055-310-9608,2022-04-27
0009,대사,L48B1,부산김해경전철,Daesa,大沙,일반역,,,35.217657000000003,128.93841699999999,부산-김해경전철㈜,부산광역시 강서구 낙동북로 82,055-310-9609,2022-04-27
0010,불암,L48B1,부산김해경전철,Buram,佛岩,일반역,,,35.222161999999997,128.92789300000001,부산-김해경전철㈜,경상남도 김해시 김해대로 2787,055-310-9610,2022-04-27
0011,지내,L48B1,부산김해경전철,Jinae,池內,일반역,,,35.227499999999999,128.923721,부산-김해경전철㈜,경상남도 김해시 김해대로 2718,055-310-9611,2022-04-27
0012,김해대학,L48B1,부산김해경전철,Gimhae College,金海大學,일반역,,,35.228990000000003,128.91561200000001,부산-김해경전철㈜,경상남도 김해시 김해대로 2641,055-310-9612,2022-04-27
0013,인제대,L48B1,부산김해경전철,Inje Univ,仁濟大,일반역,,,35.228099,128.901736,부산-김해경전철㈜,경상남도 김해시 김해대로 2515,055-310-9613,2022-04-27
0014,김해시청,L48B1,부산김해경전철,Gimhae City Hall,金海市廳,일반역,,,35.227103,128.89041,부산-김해경전철㈜,경상남도 김해시 김해대로 2408,055-310-9614,2022-04-27
0015,부원,L48B1,부산김해경전철,Buwon,府院,일반역,,,35.226466240000001,128.8838997,부산-김해경전철㈜,경상남도 김해시 김해대로 2350,055-310-9615,2022-04-27
0016,봉황,L48B1,부산김해경전철,Bonghwang,鳳凰,일반역,,,35.227267570000002,128.87430689999999,부산-김해경전철㈜,경상남도 김해시 김해대로 2249,055-310-9616,2022-04-27
0017,수로왕릉,L48B1,부산김해경전철,Royal Tomb of King Suro,首露王陵,일반역,,,35.2328215,128.87214090000001,부산-김해경전철㈜,경상남도 김해시 김해대로 2181,055-310-9617,2022-04-27
0018,박물관,L48B1,부산김해경전철,museum,博物館,일반역,,,35.240064670000002,128.8718628,부산-김해경전철㈜,경상남도 김해시 김해대로 2103,055-310-9618,2022-04-27
0019,연지공원,L48B1,부산김해경전철,Yeonji Park,蓮池公園,일반역,,,35.249657630000002,128.86929079999999,부산-김해경전철㈜,경상남도 김해시 해반천로 5,055-310-9619,2022-04-27
0020,장신대,L48B1,부산김해경전철,presbyterian Univ.,長神大,일반역,,,35.259556420000003,128.8671142,부산-김해경전철㈜,경상남도 김해시 해반천로 129,055-310-9620,2022-04-27
0021,가야대,L48B1,부산김해경전철,Kaya Univ.,加耶大,일반역,,,35.266727209999999,128.86507030000001,부산-김해경전철㈜,경상남도 김해시 해반천로 211,055-310-9621,2022-04-27
0124,청량리(서울시립대입구),I4101,1호선,Cheongnyangni (University of Seoul),淸凉里(서울市立大入口),환승역,I41K1+I41K2+I41K4,수도권  광역철도 분당+수도권  광역철도 경춘+수도권  광역철도 경의중앙,37.580148000000001,127.045063,서울교통공사,서울특별시 동대문구 왕산로 지하205(전농동),02-6110-1241,2024-12-31
0125,제기동,I4101,1호선,Jegidong,祭基洞,일반역,,,37.578116000000001,127.034902,서울교통공사,서울특별시 동대문구 왕산로 지하93(제기동),02-6110-1251,2024-12-31
0126,신설동,I4101,1호선,Sinseoldong,新設洞,환승역,S1102,수도권  도시철도 2호선,37.576117000000004,127.02471,서울교통공사,서울특별시 동대문구 왕산로 지하1(신설동),02-6110-1261,2024-12-31
0127,동묘앞,I4101,1호선,Dongmyo,東廟앞,환승역,S1106,수도권  도시철도 6호선,37.573264999999999,127.016459,서울교통공사,서울특별시 종로구 종로 359(숭인동),02-6110-1271,2024-12-31
0128,동대문,I4101,1호선,Dongdaemun,東大門,환승역,I1104,수도권  광역철도 4호선,37.571646000000001,127.01069,서울교통공사,서울특별시 종로구 종로 지하302(창신동),02-6110-1281,2024-12-31
0129,종로5가,I4101,1호선,Jongno 5(o)ga,鍾路5街,일반역,,,37.570971,127.00190000000001,서울교통공사,서울특별시 종로구 종로 지하216(종로5가),02-6110-1291,2024-12-31
0130,종로3가,I4101,1호선,Jongno 3(sam)ga,鍾路3街,환승역,I1103+S1105,수도권  광역철도 3호선+수도권  도시철도 5호선,37.570428999999997,126.99209500000001,서울교통공사,서울특별시 종로구 종로 지하129(종로3가),02-6110-1301,2024-12-31
0131,종각,I4101,1호선,Jonggak,鐘閣,일반역,,,37.570202999999999,126.983116,서울교통공사,서울특별시 종로구 종로 지하55(종로1가),02-6110-1311,2024-12-31
0132,시청,I4101,1호선,City Hall,市廳,환승역,S1102,수도권  도시철도 2호선,37.565210999999998,126.97720700000001,서울교통공사,서울특별시 중구 세종대로 지하101(정동),02-6110-1321,2024-12-31
0133,서울역,I4101,1호선,Seoul Station,-,환승역,I1104+I41K4+I28A1,수도권  광역철도 4호선+수도권  광역철도 경의중앙+수도권  광역철도 공항,37.55585,126.972103,서울교통공사,서울특별시 중구 세종대로 지하2(남대문로 5가),02-6110-1331,2024-12-31
0201,시청,S1102,2호선,City Hall,市廳,환승역,I4101,수도권  광역철도 1호선,37.563533999999997,126.97527100000001,서울교통공사,서울특별시 중구 서소문로 지하127(서소문동),02-6110-2011,2024-12-31
0202,을지로입구,S1102,2호선,Euljiro 1(il)ga,乙支路入口,일반역,,,37.565998,126.982569,서울교통공사,서울특별시 중구 을지로 지하42(을지로1가),02-6110-2021,2024-12-31
0203,을지로3가,S1102,2호선,Euljiro 3(sam)ga,乙支路3街,환승역,I1103,수도권  광역철도 3호선,37.566291999999997,126.99087299999999,서울교통공사,서울특별시 중구 을지로 지하106(을지로3가),02-6110-2031,2024-12-31
0204,을지로4가,S1102,2호선,Euljiro 4(sa)ga,乙支路4街,환승역,S1105,수도권  도시철도 5호선,37.566611000000002,126.99762200000001,서울교통공사,서울특별시 중구 을지로 지하178(을지로4가),02-6110-2041,2024-12-31
0205,동대문역사문화공원(DDP),S1102,2호선,Dongdaemun History & Culture Park,東大門歷史文化公園(DDP),환승역,I1104+S1105,수도권  광역철도 4호선+수도권  도시철도 5호선,37.565609000000002,127.009083,서울교통공사,서울특별시 중구 을지로 지하279(을지로7가),02-6110-2051,2024-12-31
0206,신당,S1102,2호선,Sindang,新堂,환승역,S1106,수도권  도시철도 6호선,37.565674999999999,127.0194259,서울교통공사,서울특별시 중구 퇴계로 지하431-1(신당동),02-6110-2061,2024-12-31
0207,상왕십리,S1102,2호선,Sangwangsimni,上往十里,일반역,,,37.564444000000002,127.02932199999999,서울교통공사,서울특별시 성동구 왕십리로 지하374(하왕십리동),02-6110-2071,2024-12-31
0208,왕십리(성동구청),S1102,2호선,Wangsimni,往十里(城東區廳),환승역,S1105+I41K4+I41K1,수도권  도시철도 5호선+수도권 광역철도 분당+수도권 광역철도 경의중앙,37.561289000000002,127.03706149999999,서울교통공사,서울특별시 성동구 왕십리로 지하300(행당동),02-6110-2081,2024-12-31
0209,한양대,S1102,2호선,Hanyang Univ.,漢陽大,일반역,,,37.555757999999997,127.0436594,서울교통공사,서울특별시 성동구 왕십리로 206(행당동),02-6110-2091,2024-12-31
0210,뚝섬,S1102,2호선,Ttukseom,-,일반역,,,37.547179999999997,127.04741300000001,서울교통공사,서울특별시 성동구 아차산로 18(성수동1가),02-6110-2101,2024-12-31
0211,성수,S1102,2호선,Seongsu,聖水,일반역,,,37.544628000000003,127.055983,서울교통공사,서울특별시 성동구 아차산로 100(성수동2가),02-6110-2111,2024-12-31
0212,건대입구,S1102,2호선,Konkuk Univ.,建大入口,환승역,S1107,수도권  도시철도 7호선,37.540407999999999,127.069231,서울교통공사,서울특별시 광진구 아차산로 243(화양동),02-6110-2121,2024-12-31
0213,구의(광진구청),S1102,2호선,Guui (Gwangjin-gu Office),九宜(廣津區廳),일반역,,,37.537157000000001,127.08621239999999,서울교통공사,서울특별시 광진구 아차산로 384-1(구의동),02-6110-2131,2024-12-31
0214,강변(동서울터미널),S1102,2호선,Gangbyeon (Dongseoul Bus Terminal),江邊(東서울터미널),일반역,,,37.535161000000002,127.094684,서울교통공사,서울특별시 광진구 강변역로 53(구의동),02-6110-2141,2024-12-31
0215,잠실나루,S1102,2호선,Jamsillaru,蠶室나루,일반역,,,37.520688,127.103836,서울교통공사,서울특별시 송파구 오금로 20(신천동),02-6110-2151,2024-12-31
0216,잠실(송파구청),S1102,2호선,Jamsil (Songpa-gu Office),蠶室(松坡區廳),환승역,S1108,수도권  도시철도 8호선,37.513305000000003,127.100129,서울교통공사,서울특별시 송파구 올림픽로 지하265(신천동),02-6110-2161,2024-12-31
0217,잠실새내,S1102,2호선,Jamsilsaenae,蠶室새내,일반역,,,37.511653000000003,127.086224,서울교통공사,서울특별시 송파구 올림픽로 지하140(잠실동),02-6110-2171,2024-12-31
0218,종합운동장,S1102,2호선,Sports Complex,綜合運動場,환승역,S11S1,수도권  도시철도 9호선,37.511127999999999,127.073841,서울교통공사,서울특별시 송파구 올림픽로 지하23(잠실동),02-6110-2181,2024-12-31
0219,삼성(무역센터),S1102,2호선,Samseong (World Trade Center Seoul),三成(貿易센터),일반역,,,37.508826999999997,127.063203,서울교통공사,서울특별시 강남구 테헤란로 지하538(삼성동),02-6110-2191,2024-12-31
0220,선릉,S1102,2호선,Seolleung,宣陵,환승역,I41K1,수도권  광역철도 분당,37.504257000000003,127.048174,서울교통공사,서울특별시 강남구 테헤란로 지하340(삼성동),02-6110-2201,2024-12-31
0221,역삼,S1102,2호선,Yeoksam,驛三,일반역,,,37.500658000000001,127.03643,서울교통공사,서울특별시 강남구 테헤란로 지하156(역삼동),02-6110-2211,2024-12-31
0222,강남,S1102,2호선,Gangnam,江南,환승역,I41D1,수도권  광역철도 신분당선,37.498049999999999,127.02795,서울교통공사,서울특별시 강남구 강남대로 지하396(역삼동),02-6110-2221,2024-12-31
0223,교대(법원·검찰청),S1102,2호선,Seoul Nat'l Univ. of Education (Court & Public Prosecutor's Office),敎大(法院․檢察廳),환승역,I1103,수도권  광역철도 3호선,37.493957000000002,127.014431,서울교통공사,서울특별시 서초구 서초대로 지하294(서초동),02-6110-2231,2024-12-31
0224,서초,S1102,2호선,Seocho,瑞草,일반역,,,37.491909999999997,127.007685,서울교통공사,서울특별시 서초구 서초대로 지하233(서초동),02-6110-2241,2024-12-31
0225,방배,S1102,2호선,Bangbae,方背,일반역,,,37.481468999999997,126.99762699999999,서울교통공사,서울특별시 서초구 방배로 지하80(방배동),02-6110-2251,2024-12-31
0226,사당,S1102,2호선,Sadang,舍堂,환승역,I1104,수도권  광역철도 4호선,37.476536000000003,126.98163099999999,서울교통공사,서울특별시 동작구 남부순환로 지하2089(사당동),02-6110-2261,2024-12-31
0227,낙성대(강감찬),S1102,2호선,Nakseongdae,落星垈(姜邯贊),일반역,,,37.477130000000002,126.963583,서울교통공사,서울특별시 관악구 남부순환로 지하1928(봉천동),02-6110-2271,2024-12-31
0228,서울대입구(관악구청),S1102,2호선,Seoul Nat‘l Univ. (Gwanak-gu Office),서울大入口(冠岳區廳),일반역,,,37.481233000000003,126.95274499999999,서울교통공사,서울특별시 관악구 남부순환로 지하1822(봉천동),02-6110-2281,2024-12-31
0229,봉천,S1102,2호선,Bongcheon,奉天,일반역,,,37.482416000000001,126.94169599999999,서울교통공사,서울특별시 관악구 남부순환로 지하1721(봉천동),02-6110-2291,2024-12-31
0230,신림,S1102,2호선,Sillim,新林,일반역,,,37.484216000000004,126.929573,서울교통공사,서울특별시 관악구 남부순환로 지하1614(신림동),02-6110-2301,2024-12-31
0231,신대방,S1102,2호선,Sindaebang,新大方,일반역,,,37.487603999999997,126.913479,서울교통공사,서울특별시 동작구 대림로 2(신대방동),02-6110-2311,2024-12-31
0232,구로디지털단지,S1102,2호선,Guro Digital Complex,九老디지털團地,일반역,,,37.4852931,126.901456,서울교통공사,서울특별시 구로구 도림천로 477(구로동),02-6110-2321,2024-12-31
0233,대림(구로구청),S1102,2호선,Daerim (Guro-gu Office),大林(九老區廳),환승역,S1107,수도권  도시철도 7호선,37.493282600000001,126.8949793,서울교통공사,서울특별시 구로구 도림천로 351(구로동),02-6110-2331,2024-12-31
0234,신도림,S1102,2호선,Sindorim,新道林,환승역,I4101+S1122,수도권  광역철도 1호선+수도권 도시철도 2호선,37.508814999999998,126.891222,서울교통공사,서울특별시 구로구 새말로 지하 117-21(신도림동),02-6110-2341,2024-12-31
0235,문래,S1102,2호선,Mullae,文來,일반역,,,37.517992999999997,126.894766,서울교통공사,서울특별시 영등포구 당산로 지하28(문래동3가),02-6110-2351,2024-12-31
0236,영등포구청,S1102,2호선,Yeongdeungpo-gu Office,永登浦區廳,환승역,S1105,수도권  도시철도 5호선,37.525765999999997,126.896627,서울교통공사,서울특별시 영등포구 당산로 지하121(당산동3가),02-6110-2361,2024-12-31
0237,당산,S1102,2호선,Dangsan,堂山,환승역,S11S1,수도권  도시철도 9호선,37.534807000000001,126.90261099999999,서울교통공사,서울특별시 영등포구 당산로 229(당산동6가),02-6110-2371,2024-12-31
0238,합정,S1102,2호선,Hapjeong,合井,환승역,S1106,수도권  도시철도 6호선,37.550024999999998,126.914557,서울교통공사,서울특별시 마포구 양화로 지하55(서교동),02-6110-2381,2024-12-31
0239,홍대입구,S1102,2호선,Hongik Univ.,弘大入口,환승역,I28A1+I41K4,수도권  광역철도 공항+수도권 광역철도 경의중앙,37.556747999999999,126.923643,서울교통공사,서울특별시 마포구 양화로 지하160(동교동),02-6110-2391,2024-12-31
0240,신촌(지하),S1102,2호선,Sinchon,新村,일반역,,,37.555152999999997,126.93689000000001,서울교통공사,서울특별시 마포구 신촌로 지하90(노고산동),02-6110-2401,2024-12-31
0241,이대,S1102,2호선,Ewha Womans Univ.,梨大,일반역,,,37.556733999999999,126.945897,서울교통공사,서울특별시 마포구 신촌로 지하180(염리동),02-6110-2411,2024-12-31
0242,아현,S1102,2호선,Ahyeon,阿峴,일반역,,,37.557406999999998,126.956079,서울교통공사,서울특별시 마포구 신촌로 지하270(아현동),02-6110-2421,2024-12-31
0243,충정로(경기대입구),S1102,2호선,Chungjeongno (Kyonggi Univ.),忠正路(京畿大入口),환승역,S1105,수도권  도시철도 5호선,37.559742,126.964455,서울교통공사,서울특별시 서대문구 서소문로 지하17(충정로3가),02-6110-2431,2024-12-31
0319,지축,I1103,3호선,Jichuk,紙木丑,일반역,,,37.648150999999999,126.913751,서울교통공사,경기도 고양시 덕양구 삼송로 300(지축동),02-6110-3191,2024-12-31
0320,구파발,I1103,3호선,Gupabal,舊把撥,일반역,,,37.636612,126.91882699999999,서울교통공사,서울특별시 은평구 진관2로 지하15-25 (진관동),02-6110-3201,2024-12-31
0321,연신내,I1103,3호선,Yeonsinnae,-,환승역,S1106,수도권  도시철도 6호선,37.619295000000001,126.920959,서울교통공사,서울특별시 은평구 통일로 지하849(갈현동),02-6110-3211,2024-12-31
0322,불광,I1103,3호선,Bulgwang,佛光,환승역,S1106,수도권  도시철도 6호선,37.610154000000001,126.930183,서울교통공사,서울특별시 은평구 통일로 지하723-1(대조동),02-6110-3221,2024-12-31
0323,녹번,I1103,3호선,Nokbeon,碌磻,일반역,,,37.600881999999999,126.93575800000001,서울교통공사,서울특별시 은평구 통일로 지하602-1(녹번동),02-6110-3231,2024-12-31
0324,홍제,I1103,3호선,Hongje,弘濟,일반역,,,37.588850999999998,126.944092,서울교통공사,서울특별시 서대문구 통일로 지하440-1(홍제동),02-6110-3241,2024-12-31
0325,무악재,I1103,3호선,Muakjae,毋岳재,일반역,,,37.582658000000002,126.950131,서울교통공사,서울특별시 서대문구 통일로 지하361(홍제동),02-6110-3251,2024-12-31
0326,독립문,I1103,3호선,Dongnimmun,獨立門,일반역,,,37.574534,126.957902,서울교통공사,서울특별시 서대문구 통일로 지하247(현저동),02-6110-3261,2024-12-31
0327,경복궁(정부서울청사),I1103,3호선,Gyeongbokgung (Government Complex-Seoul),景福宮(政府中央廳舍),일반역,,,37.575843999999996,126.97357599999999,서울교통공사,서울특별시 종로구 사직로 지하130(적선동),02-6110-3271,2024-12-31
0328,안국,I1103,3호선,Anguk,安國,일반역,,,37.576562000000003,126.98547000000001,서울교통공사,서울특별시 종로구 율곡로 지하62(안국동),02-6110-3281,2024-12-31
0329,종로3가,I1103,3호선,Jongno 3(sam)ga,鍾路3街,환승역,S1105+I1101,수도권  도시철도 5호선+수도권 광역철도 1호선,37.571536999999999,126.991837,서울교통공사,서울특별시 종로구 돈화문로 지하30(묘동),02-6110-3291,2024-12-31
0330,을지로3가,I1103,3호선,Euljiro 3(sam)ga,乙支路3街,환승역,S1102,수도권  도시철도 2호선,37.566299000000001,126.992616,서울교통공사,서울특별시 중구 을지로 지하129(을지로3가),02-6110-3301,2024-12-31
0331,충무로,I1103,3호선,Chungmuro,忠武路,환승역,I1104,수도권  광역철도 4호선,37.561382000000002,126.994173,서울교통공사,서울특별시 중구 퇴계로 지하214(필동2가),02-6110-4231,2024-12-31
0332,동대입구,I1103,3호선,Dongguk Univ.,東大入口,일반역,,,37.559060000000002,127.005273,서울교통공사,서울특별시 중구 동호로 지하256(장충동2가),02-6110-3321,2024-12-31
0333,약수,I1103,3호선,Yaksu,藥水,환승역,S1106,수도권  도시철도 6호선,37.554554000000003,127.010858,서울교통공사,서울특별시 중구 다산로 지하122(신당동),02-6110-3331,2024-12-31
0334,금호,I1103,3호선,Geumho,金湖,일반역,,,37.548268999999998,127.01578499999999,서울교통공사,서울특별시 성동구 동호로 지하104(금호동4가),02-6110-3341,2024-12-31
0335,옥수,I1103,3호선,Oksu,玉水,환승역,I41K4,수도권  광역철도 경의중앙,37.541652999999997,127.017303,서울교통공사,서울특별시 성동구 동호로 21(옥수동),02-6110-3351,2024-12-31
0336,압구정,I1103,3호선,Apgujeong,狎鷗亭,일반역,,,37.526169000000003,127.028502,서울교통공사,서울특별시 강남구 압구정로 지하172(신사동),02-6110-3361,2024-12-31
0337,신사,I1103,3호선,Sinsa,新沙,일반역,,,37.516438000000001,127.020247,서울교통공사,서울특별시 강남구 도산대로 지하102(신사동),02-6110-3371,2024-12-31
0338,잠원,I1103,3호선,Jamwon,蠶院,일반역,,,37.512988999999997,127.011613,서울교통공사,서울특별시 서초구 잠원로4길 지하46(잠원동),02-6110-3381,2024-12-31
0339,고속터미널,I1103,3호선,Express Bus Terminal,高速터미널,환승역,S1107+S11S1,수도권  도시철도 7호선+수도권  도시철도 9호선,37.504953,127.00491599999999,서울교통공사,서울특별시 서초구 신반포로 지하188(반포동),02-6110-3391,2024-12-31
0340,교대(법원·검찰청),I1103,3호선,Seoul Nat'l Univ. of Education (Court & Public Prosecutor's Office),敎大(法院․檢察廳),환승역,S1102,수도권  도시철도 2호선,37.49306,127.013796,서울교통공사,서울특별시 서초구 서초대로 지하294(서초동),02-6110-3401,2024-12-31
0341,남부터미널(예술의전당),I1103,3호선,Nambu Bus Terminal (Seoul Arts Center),南部터미널(藝術의殿堂),일반역,,,37.484940000000002,127.016289,서울교통공사,서울특별시 서초구 서초중앙로 지하31(서초동),02-6110-3411,2024-12-31
0342,양재(서초구청),I1103,3호선,Yangjae (Seocho-gu Office),良才(瑞草區廳),환승역,I41D1,수도권  광역철도 신분당선,37.484580000000001,127.03422999999999,서울교통공사,서울특별시 서초구 남부순환로 지하2585(서초동),02-6110-3421,2024-12-31
0343,매봉,I1103,3호선,Maebong,-,일반역,,,37.487113999999998,127.046907,서울교통공사,서울특별시 강남구 남부순환로 지하2744(도곡동),02-6110-3431,2024-12-31
0344,도곡,I1103,3호선,Dogok,道谷,환승역,I41K1,수도권  광역철도 분당,37.491129000000001,127.055694,서울교통공사,서울특별시 강남구 남부순환로 지하2814(도곡동),02-6110-3441,2024-12-31
0345,대치,I1103,3호선,Daechi,大峙,일반역,,,37.494601000000003,127.06344900000001,서울교통공사,서울특별시 강남구 남부순환로 지하2952(대치동),02-6110-3451,2024-12-31
0346,학여울,I1103,3호선,Hangnyeoul,鶴여울,일반역,,,37.496786999999998,127.0708601,서울교통공사,서울특별시 강남구 남부순환로 지하3104(대치동),02-6110-3461,2024-12-31
0347,대청,I1103,3호선,Daecheong,-,일반역,,,37.493606999999997,127.079526,서울교통공사,서울특별시 강남구 일원로 지하2(일원동),02-6110-3471,2024-12-31
0348,일원,I1103,3호선,Irwon,逸院,일반역,,,37.483890000000002,127.08416,서울교통공사,서울특별시 강남구 일원로 지하121(일원동),02-6110-3481,2024-12-31
0349,수서,I1103,3호선,Suseo,水西,환승역,I41K1,수도권  광역철도 분당,37.487499999999997,127.101924,서울교통공사,서울특별시 강남구 광평로 지하270(수서동),02-6110-3491,2024-12-31
0350,가락시장,I1103,3호선,Garak Market,可樂市長,환승역,S1108,수도권  도시철도 8호선,37.492317999999997,127.1177,서울교통공사,서울특별시 송파구 송파대로 지하257(가락동),02-6110-3501,2024-12-31
0351,경찰병원,I1103,3호선,National Police Hospital,警察病院,일반역,,,37.495753999999998,127.12419800000001,서울교통공사,서울특별시 송파구 중대로 지하149(가락동),02-6110-3511,2024-12-31
0352,오금,I1103,3호선,Ogeum,梧琴,환승역,S1105,수도권  도시철도 5호선,37.502288,127.128344,서울교통공사,서울특별시 송파구 오금로 지하321(오금동),02-6110-3521,2024-12-31
0409,불암산,I1104,4호선,Danggogae,-,일반역,,,37.670090000000002,127.079004,서울교통공사,서울특별시 노원구 상계로 305(상계동),02-6110-4091,2024-12-31
0410,상계,I1104,4호선,Sanggye,上溪,일반역,,,37.660575999999999,127.073199,서울교통공사,서울특별시 노원구 상계로 182(상계동),02-6110-4101,2024-12-31
0411,노원,I1104,4호선,Nowon,蘆原,환승역,S1107,수도권  도시철도 7호선,37.656274000000003,127.063183,서울교통공사,서울특별시 노원구 상계로 69-1(상계동),02-6110-4111,2024-12-31
0412,창동,I1104,4호선,Changdong,倉洞,환승역,I4101,수도권  광역철도 1호선,37.653314999999999,127.048304,서울교통공사,서울특별시 도봉구 마들로11길 77(창동),02-6110-4121,2024-12-31
0413,쌍문,I1104,4호선,Ssangmun,雙門,일반역,,,37.648274000000001,127.034381,서울교통공사,서울특별시 도봉구 도봉로 지하 486-1(창동),02-6110-4131,2024-12-31
0414,수유(강북구청),I1104,4호선,Suyu (Gangbuk-gu Office),水踰(江北區廳),일반역,,,37.637726999999998,127.02537100000001,서울교통공사,서울특별시 강북구 도봉로 지하338(수유동),02-6110-4141,2024-12-31
0415,미아(서울사이버대학),I1104,4호선,Mia (Seoul Cyber Univ.),彌阿(서울사이버大學),일반역,,,37.626435000000001,127.026151,서울교통공사,서울특별시 강북구 도봉로 지하198(미아동),02-6110-4151,2024-12-31
0416,미아사거리,I1104,4호선,Miasageori ,彌阿사거리,일반역,,,37.613275999999999,127.030083,서울교통공사,서울특별시 강북구 도봉로 지하50(미아동),02-6110-4161,2024-12-31
0417,길음,I1104,4호선,Gireum,吉音,일반역,,,37.603386999999998,127.025053,서울교통공사,서울특별시 성북구 동소문로 지하248(길음동),02-6110-4171,2024-12-31
0418,성신여대입구(돈암),I1104,4호선,Sungshin Women's Univ. (Donam),誠信女大入口(敦岩),일반역,I1104,수도권  광역철도 4호선,37.592882000000003,127.016908,서울교통공사,서울특별시 성북구 동소문로 지하102(동선동4가),02-6110-4181,2024-12-31
0419,한성대입구(삼선교),I1104,4호선,Hansung Univ. (Samseongyo),漢城大入口(三仙橋),일반역,,,37.588380000000001,127.005951,서울교통공사,서울특별시 성북구 삼선교로 지하1(삼선동1가),02-6110-4191,2024-12-31
0420,혜화,I1104,4호선,Hyehwa,惠化,일반역,,,37.582115999999999,127.001929,서울교통공사,서울특별시 종로구 대학로 지하120(명륜4가),02-6110-4201,2024-12-31
0421,동대문,I1104,4호선,Dongdaemun,東大門,환승역,I4101,수도권  광역철도 1호선,37.570990000000002,127.00924999999999,서울교통공사,서울특별시 종로구 율곡로 지하308(종로6가),02-6110-4211,2024-12-31
0422,동대문역사문화공원(DDP),I1104,4호선,Dongdaemun History & Culture Park,東大門歷史文化公園(DDP),환승역,S1102+S1105,수도권  도시철도 2호선+수도권  도시철도 5호선,37.565140999999997,127.007808,서울교통공사,서울특별시 중구 장충단로 지하230(광희동2가),02-6110-4221,2024-12-31
0423,충무로,I1104,4호선,Chungmuro,忠武路,환승역,I1103,수도권  광역철도 3호선,37.561351999999999,126.994573,서울교통공사,서울특별시 중구 퇴계로 지하214(필동2가),02-6110-4231,2024-12-31
0424,명동,I1104,4호선,Myeongdong,明洞,일반역,,,37.560955,126.986271,서울교통공사,서울특별시 중구 퇴계로 지하126(충무로2가),02-6110-4241,2024-12-31
0425,회현(남대문시장),I1104,4호선,Hoehyeon (Namdaemun Market),會賢(南大門市場),일반역,,,37.558698,126.978346,서울교통공사,서울특별시 중구 퇴계로 지하54(남창동),02-6110-4251,2024-12-31
0426,서울역,I1104,4호선,Seoul Station,-,환승역,I4101+I41K4+I28A1,수도권  광역철도 1호선+수도권 광역철도 경의중앙+수도권 광역철도 공항,37.553172000000004,126.972706,서울교통공사,서울특별시 용산구 한강대로 지하392(동자동),02-6110-4261,2024-12-31
0427,숙대입구(갈월),I1104,4호선,Sookmyung Women's Univ. (Garwol),淑大入口(葛月),일반역,,,37.5447834,126.9721,서울교통공사,서울특별시 용산구 한강대로 지하306(갈월동),02-6110-4271,2024-12-31
0428,삼각지(전쟁기념관),I1104,4호선,Samgakji,三角地,환승역,S1106,수도권  도시철도 6호선,37.534457000000003,126.972992,서울교통공사,서울특별시 용산구 한강대로 지하180(한강로1가),02-6110-4281,2024-12-31
0429,신용산,I1104,4호선,Sinyongsan,新龍山,일반역,,,37.529089999999997,126.96787999999999,서울교통공사,서울특별시 용산구 한강대로 지하112(한강로2가),02-6110-4291,2024-12-31
0430,이촌(국립중앙박물관),I1104,4호선,Ichon (National Museum of Korea),二村(國立中央博物館),환승역,I41K4,수도권  광역철도 경의중앙,37.52919,126.9679818,서울교통공사,서울특별시 용산구 서빙고로 지하83(용산동5가),02-6110-4301,2024-12-31
0431,동작(현충원),I1104,4호선,Dongjak (Seoul National Cemetery),銅雀(顯忠院),환승역,S11S1,수도권  도시철도 9호선,37.503566999999997,126.980171,서울교통공사,서울특별시 동작구 현충로 257(동작동),02-6110-4311,2024-12-31
0432,총신대입구(이수),I1104,4호선,Chongshin Univ. (Isu),總神大入口(梨水),환승역,S1107,수도권  도시철도 7호선,37.487521000000001,126.982309,서울교통공사,서울특별시 동작구 동작대로 지하117(사당동),02-6110-4321,2024-12-31
0433,사당,I1104,4호선,Sadang,舍堂,환승역,S1102,수도권  도시철도 2호선,37.476263000000003,126.98163599999999,서울교통공사,서울특별시 동작구  동작대로 지하3(사당동),02-6110-4331,2024-12-31
0434,남태령,I1104,4호선,Namtaeryeong,南泰嶺,일반역,,,37.464339000000002,126.989081,서울교통공사,서울특별시 서초구 과천대로 지하816(방배동),02-6110-4341,2024-12-31
0510,방화,S1105,5호선,Banghwa,傍花,일반역,,,37.577669,126.812822,서울교통공사,서울특별시 강서구 금낭화로 지하132(방화동),02-6311-5101,2024-12-31
0511,개화산,S1105,5호선,Gaehwasan,開花山,일반역,,,37.572457999999997,126.806838,서울교통공사,서울특별시 강서구 양천로 22(방화동),02-6311-5111,2024-12-31
0512,김포공항,S1105,5호선,Gimpo Int'l Airport,金浦空港,환승역,S11S1+I28A1+L41G1+I41WS,수도권 도시철도 9호선+수도권 광역철도 공항+김포도시철도+서해선,37.562170000000002,126.80127299999999,서울교통공사,서울특별시 강서구 하늘길 지하77(방화동),02-6311-5121,2024-12-31
0513,송정,S1105,5호선,Songjeong,松亭,일반역,,,37.561200999999997,126.81205199999999,서울교통공사,서울특별시 강서구 공항대로 지하33(공항동),02-6311-5131,2024-12-31
0514,마곡,S1105,5호선,Magok,麻谷,일반역,,,37.55865,126.837693,서울교통공사,서울특별시 강서구 공항대로 지하163(마곡동),02-6311-5141,2024-12-31
0515,발산,S1105,5호선,Balsan,鉢山,일반역,,,37.558692000000001,126.837633,서울교통공사,서울특별시 강서구 공항대로 지하267(마곡동),02-6311-5151,2024-12-31
0516,우장산,S1105,5호선,Ujangsan,雨裝山,일반역,,,37.548864000000002,126.83633,서울교통공사,서울특별시 강서구 강서로 지하262(화곡동),02-6311-5161,2024-12-31
0517,화곡,S1105,5호선,Hwagok,禾谷,일반역,,,37.541584999999998,126.840436,서울교통공사,서울특별시 강서구 화곡로 지하168(화곡동),02-6311-5171,2024-12-31
0518,까치산,S1105,5호선,Kkachisan,까치山,환승역,S1102,수도권  도시철도 2호선,37.532200000000003,126.84645,서울교통공사,서울특별시 강서구 강서로 지하54(화곡동),02-6311-5181,2024-12-31
0519,신정(은행정),S1105,5호선,Sinjeong (Eunhaengjeong),新亭(銀杏亭),일반역,,,37.525001000000003,126.856176,서울교통공사,서울특별시 양천구 오목로 지하179(신정동),02-6311-5191,2024-12-31
0520,목동,S1105,5호선,Mokdong,木洞,일반역,,,37.526088000000001,126.864296,서울교통공사,서울특별시 양천구 오목로 지하245(목동),02-6311-5201,2024-12-31
0521,오목교(목동운동장앞),S1105,5호선,Omokgyo (Mokdong Stadium),梧木橋(木洞運動場앞),일반역,,,37.524557000000001,126.875049,서울교통공사,서울특별시 양천구 오목로 지하342(목동),02-6311-5211,2024-12-31
0522,양평,S1105,5호선,Yangpyeong,楊坪,일반역,,,37.525613999999997,126.886177,서울교통공사,서울특별시 영등포구 양산로 지하21(양평동2가),02-6311-5221,2024-12-31
0523,영등포구청,S1105,5호선,Yeongdeungpo-gu Office,永登浦區廳,환승역,S1102,수도권  도시철도 2호선,37.524208999999999,126.895022,서울교통공사,서울특별시 영등포구 양산로 지하116(당산동3가),02-6311-5231,2024-12-31
0524,영등포시장,S1105,5호선,Yeongdeungpo Market,永登浦市場,일반역,,,37.522759999999998,126.905143,서울교통공사,서울특별시 영등포구 양산로 지하200(영등포동5가),02-6311-5241,2024-12-31
0525,신길,S1105,5호선,Singil,新吉,환승역,I4101,수도권  광역철도 1호선,37.517629999999997,126.914886,서울교통공사,서울특별시 영등포구 경인로114가길 지하9(영등포동1가),02-6311-5251,2024-12-31
0526,여의도,S1105,5호선,Yeouido,汝矣島,환승역,S11S1,수도권  도시철도 9호선,37.521678000000001,126.924318,서울교통공사,서울특별시 영등포구 여의나루로 지하40(여의도동),02-6311-5261,2024-12-31
0527,여의나루,S1105,5호선,Yeouinaru,여의나루,일반역,,,37.527045000000001,126.932807,서울교통공사,서울특별시 영등포구 여의동로 지하343(여의도동),02-6311-5271,2024-12-31
0528,마포,S1105,5호선,Mapo,麻浦,일반역,,,37.539718000000001,126.946043,서울교통공사,서울특별시 마포구 마포대로 지하33(도화동),02-6311-5281,2024-12-31
0529,공덕,S1105,5호선,Gongdeok,孔德,환승역,S1106,수도권  도시철도 6호선,37.544004999999999,126.951058,서울교통공사,서울특별시 마포구 마포대로 지하100(공덕동),02-6311-5291,2024-12-31
0530,애오개,S1105,5호선,Aeogae,-,일반역,,,37.553592000000002,126.956733,서울교통공사,서울특별시 마포구 마포대로 지하210(아현동),02-6311-5301,2024-12-31
0531,충정로(경기대입구),S1105,5호선,Chungjeongno (Kyonggi Univ.),忠正路(京畿大入口),환승역,S1102,수도권  도시철도 2호선,37.560060999999997,126.962783,서울교통공사,서울특별시 서대문구 충정로 지하 28-1(충정로3가),02-6311-5311,2024-12-31
0532,서대문,S1105,5호선,Seodaemun,西大門,일반역,,,37.565812000000001,126.966639,서울교통공사,서울특별시 종로구 통일로 지하126(평동),02-6311-5321,2024-12-31
0533,광화문(세종문화회관),S1105,5호선,Gwanghwamun(Sejong Center for the Performing Arts),光化門(世宗文化會館),일반역,,,37.571644999999997,126.976568,서울교통공사,서울특별시 종로구 세종대로 지하172(세종로),02-6311-5331,2024-12-31
0534,종로3가(탑골공원),S1105,5호선,Jongno 3(sam)ga (Tapgol Park),鐘路3街(탑골공원),환승역,I1103+I1101,수도권  광역철도 3호선+수도권 광역철도 1호선,37.572546000000003,126.990447,서울교통공사,서울특별시 종로구 돈화문로11길 지하 26(돈의동),02-6311-5341,2024-12-31
0535,을지로4가,S1105,5호선,Euljiro 4(sa)ga,乙支路4街,환승역,S1102,수도권  도시철도 2호선,37.567279999999997,126.998127,서울교통공사,서울특별시 중구 창경궁로 지하51(주교동),02-6311-5351,2024-12-31
0536,동대문역사문화공원(DDP),S1105,5호선,Dongdaemun History & Culture Park,東大門歷史文化公園(DDP),환승역,S1102+I1104,수도권  도시철도 2호선+수도권 광역철도 4호선,37.564681999999998,127.00533,서울교통공사,서울특별시 중구 마른내로 지하162(광희동1가),02-6311-5361,2024-12-31
0537,청구,S1105,5호선,Cheonggu,靑丘,환승역,S1106,수도권  도시철도 6호선,37.560237000000001,127.01379,서울교통공사,서울특별시 중구 청구로 지하77(신당동),02-6311-5371,2024-12-31
0538,신금호,S1105,5호선,Singeumho,新金湖,일반역,,,37.554504000000001,127.020403,서울교통공사,서울특별시 성동구 금호로 지하154(금호동2가),02-6311-5381,2024-12-31
0539,행당,S1105,5호선,Haengdang,杏堂,일반역,,,37.557296999999998,127.029482,서울교통공사,서울특별시 성동구 행당로 지하89(행당동),02-6311-5391,2024-12-31
0540,왕십리(성동구청),S1105,5호선,Wangsimni,往十里(城東區廳),환승역,S1102+I41K4+I41K1,수도권  도시철도 2호선+수도권 광역철도 분당+수도권 광역철도 경의중앙,37.561970000000002,127.03726399999999,서울교통공사,서울특별시 성동구 왕십리로 지하300(행당동),02-6311-5401,2024-12-31
0541,마장,S1105,5호선,Majang,馬場,일반역,,,37.566065999999999,127.04292100000001,서울교통공사,서울특별시 성동구 마장로 지하296(마장동),02-6311-5411,2024-12-31
0542,답십리,S1105,5호선,Dapsimni,踏十里,일반역,,,37.566833000000003,127.05266,서울교통공사,서울특별시 성동구 천호대로 지하300(용답동),02-6311-5421,2024-12-31
0543,장한평,S1105,5호선,Janghanpyeong,長漢坪,일반역,,,37.561438000000003,127.064601,서울교통공사,서울특별시 동대문구 천호대로 지하405(장안동),02-6311-5431,2024-12-31
0544,군자(능동),S1105,5호선,Gunja (Neungdong),君子(陵洞),환승역,S1107,수도권  도시철도 7호선,37.557102,127.079559,서울교통공사,서울특별시 광진구 천호대로 지하550(능동),02-6311-5441,2024-12-31
0545,아차산(어린이대공원후문),S1105,5호선,Achasan (Rear Entrance to Seoul Children's Grand Park),峨嵯山(어린이大公園後門),일반역,,,37.552005000000001,127.089609,서울교통공사,서울특별시 광진구 천호대로 지하657(능동),02-6311-5451,2024-12-31
0546,광나루(장신대),S1105,5호선,Gwangnaru (Presbyterian College & Theological Seminary),광나루(長神大),일반역,,,37.545301000000002,127.103478,서울교통공사,서울특별시 광진구 아차산로 지하571(광장동),02-6311-5461,2024-12-31
0547,천호(풍납토성),S1105,5호선,Cheonho (Pungnaptoseong),千戶(風納土城),환승역,S1108,수도권  도시철도 8호선,37.538566000000003,127.12353899999999,서울교통공사,서울특별시 강동구 천호대로 지하997(천호동),02-6311-5471,2024-12-31
0548,강동,S1105,5호선,Gangdong,江東,일반역,,,37.535809999999998,127.13249,서울교통공사,서울특별시 강동구 천호대로 지하1097(천호동),02-6311-5481,2024-12-31
0549,길동,S1105,5호선,Gildong,吉洞,일반역,,,37.538021999999998,127.140085,서울교통공사,서울특별시 강동구 양재대로 지하1480(길동),02-6311-5491,2024-12-31
0550,굽은다리(강동구민회관앞),S1105,5호선,Gubeundari (Gangdong Community Center ),굽은다리(江東區民會館앞),일반역,,,37.545442000000001,127.142844,서울교통공사,서울특별시 강동구 양재대로 지하1572(명일동),02-6311-5501,2024-12-31
0551,명일,S1105,5호선,Myeongil,明逸,일반역,,,37.551316999999997,127.144002,서울교통공사,서울특별시 강동구 양재대로 지하1632(명일동),02-6311-5511,2024-12-31
0552,고덕,S1105,5호선,Godeok,高德,일반역,,,37.555002000000002,127.154214,서울교통공사,서울특별시 강동구 고덕로 지하253(고덕동),02-6311-5521,2024-12-31
0553,상일동,S1105,5호선,Sangildong,上一洞,일반역,,,37.556713999999999,127.166381,서울교통공사,서울특별시 강동구 고덕로 지하359(상일동),02-6311-5531,2024-12-31
0554,강일,S1105,5호선,Gangil,江一,일반역,,,37.557521000000001,127.176018,서울교통공사,서울특별시 강동구 고덕로 지하456(강일동),02-6311-5611,2024-12-31
0555,미사,S1105,5호선,Misa,渼沙,일반역,,,37.563090000000003,127.192954,서울교통공사,경기도 하남시 미사강변동로 지하90(망월동),02-6311-5621,2024-12-31
0556,하남풍산,S1105,5호선,Hanam Pungsan,河南豊山,일반역,,,37.552200999999997,127.203897,서울교통공사,경기도 하남시 덕풍서로 지하50(덕풍동),02-6311-5631,2024-12-31
0557,하남시청(덕풍∙신장),S1105,5호선,Hanam City Hall (Deokpung&Sinjang),河南市廳(德豊∙新長),일반역,,,37.541722999999998,127.206901,서울교통공사,경기도 하남시 하남대로 지하820(덕풍동),02-6311-5641,2024-12-31
0558,하남검단산,S1105,5호선,Hanam Geomdansan,河南黔丹山,일반역,,,37.539729000000001,127.223427,서울교통공사,경기도 하남시 대청로 지하100(창우동),02-6311-5651,2024-12-31
0610,응암,S1106,6호선,Eungam,鷹岩,일반역,,,37.598590000000002,126.915583,서울교통공사,서울특별시 은평구 증산로 지하477(신사동),02-6311-6101,2024-12-31
0611,역촌,S1106,6호선,Yeokchon,驛村,일반역,,,37.606050000000003,126.922764,서울교통공사,서울특별시 은평구 서오릉로 지하63(녹번동),02-6311-6111,2024-12-31
0612,불광,S1106,6호선,Bulgwang,佛光,환승역,I1103,수도권  광역철도 3호선,37.610919000000003,126.92950399999999,서울교통공사,서울특별시 은평구 통일로 지하723-1(대조동),02-6311-6121,2024-12-31
0613,독바위,S1106,6호선,Dokbawi,-,일반역,,,37.618412999999997,126.933035,서울교통공사,서울특별시 은평구 불광로 지하129-1(불광동),02-6311-6131,2024-12-31
0614,연신내,S1106,6호선,Yeonsinnae,-,환승역,I1103,수도권  광역철도 3호선,37.618482999999998,126.92040299999999,서울교통공사,서울특별시 은평구 통일로 지하849(갈현동),02-6110-3211,2024-12-31
0615,구산,S1106,6호선,Gusan,龜山,일반역,,,37.611196,126.9172519,서울교통공사,서울특별시 은평구 연서로 지하137-1(구산동),02-6311-6151,2024-12-31
0616,새절(신사),S1106,6호선,Saejeol (Sinsa),새절(新寺),일반역,,,37.591147999999997,126.913613,서울교통공사,서울특별시 은평구 증산로 지하400(신사동),02-6311-6161,2024-12-31
0617,증산(명지대앞),S1106,6호선,Jeungsan (Myongji Univ.),繒山(明知大앞),일반역,,,37.583989000000003,126.909785,서울교통공사,서울특별시 은평구 증산로 지하306(증산동),02-6311-6171,2024-12-31
0618,디지털미디어시티,S1106,6호선,Digital Media City,-,환승역,I41K4+I28A1,수도권  광역철도 경의중앙+수도권 광역철도 공항,37.576080500000003,126.901343,서울교통공사,서울특별시 은평구 수색로 지하175(증산동),02-6311-6181,2024-12-31
0619,월드컵경기장(성산),S1106,6호선,World Cup Stadium (Seongsan),월드컵競技場(城山),일반역,,,37.569439000000003,126.89907700000001,서울교통공사,서울특별시 마포구 월드컵로 지하240(성산동),02-6311-6191,2024-12-31
0620,마포구청,S1106,6호선,Mapo-gu Office,麻浦區廳,일반역,,,37.563529000000003,126.903356,서울교통공사,서울특별시 마포구 월드컵로 지하190(성산동),02-6311-6201,2024-12-31
0621,망원,S1106,6호선,Mangwon,望遠,일반역,,,37.556030999999997,126.910129,서울교통공사,서울특별시 마포구 월드컵로 지하77(망원동),02-6311-6211,2024-12-31
0622,합정,S1106,6호선,Hapjeong,合井,환승역,S1102,수도권  도시철도 2호선,37.549033000000001,126.913546,서울교통공사,서울특별시 마포구 양화로 지하45(합정동),02-6311-6221,2024-12-31
0623,상수,S1106,6호선,Sangsu,上水,일반역,,,37.547704000000003,126.92292,서울교통공사,서울특별시 마포구 독막로 지하85(상수동),02-6311-6231,2024-12-31
0624,광흥창(서강),S1106,6호선,Gwangheungchang (Seogang),廣興倉(西江),일반역,,,37.547463999999998,126.931971,서울교통공사,서울특별시 마포구 독막로 지하165(창전동),02-6311-6241,2024-12-31
0625,대흥(서강대앞),S1106,6호선,Daeheung (Sogang Univ.),大興(西江大앞),일반역,,,37.547732000000003,126.94221400000001,서울교통공사,서울특별시 마포구 대흥로 지하85(대흥동),02-6311-6251,2024-12-31
0626,공덕,S1106,6호선,Gongdeok,孔德,환승역,S1105,수도권  도시철도 5호선,37.543591999999997,126.95166399999999,서울교통공사,서울특별시 마포구 백범로 지하200(공덕동),02-6311-5291,2024-12-31
0627,효창공원앞,S1106,6호선,Hyochang Park ,孝昌公園앞,환승역,I41K4,수도권  광역철도 경의중앙,37.539279000000001,126.961348,서울교통공사,서울특별시 용산구 백범로 지하287(효창동),02-6311-6271,2024-12-31
0628,삼각지(전쟁기념관),S1106,6호선,Samgakji,三角地,환승역,I1104,수도권  광역철도 4호선,37.535563000000003,126.973996,서울교통공사,서울특별시 용산구 한강대로 지하185(한강로1가),02-6311-6281,2024-12-31
0629,녹사평(용산구청),S1106,6호선,Noksapyeong (Yongsan-gu Office),綠莎坪(龍山區廳),일반역,,,37.534689999999998,126.98665,서울교통공사,서울특별시 용산구 녹사평대로 지하195(용산동4가),02-6311-6291,2024-12-31
0630,이태원,S1106,6호선,Itaewon,梨泰院,일반역,,,37.534484999999997,126.99436900000001,서울교통공사,서울특별시 용산구 이태원로 지하177(이태원동),02-6311-6301,2024-12-31
0631,한강진,S1106,6호선,Hangangjin,漢江鎭,일반역,,,37.539560000000002,127.001729,서울교통공사,서울특별시 용산구 이태원로 지하287(한남동),02-6311-6311,2024-12-31
0632,버티고개,S1106,6호선,Beotigogae,-,일반역,,,37.547933,127.00694799999999,서울교통공사,서울특별시 중구 다산로 지하38(신당동),02-6311-6321,2024-12-31
0633,약수,S1106,6호선,Yaksu,藥水,환승역,I1103,수도권  광역철도 3호선,37.554087000000003,127.010237,서울교통공사,서울특별시 중구 다산로 지하115(신당동),02-6311-6331,2024-12-31
0634,청구,S1106,6호선,Cheonggu,靑丘,환승역,S1105,수도권  도시철도 5호선,37.560220999999999,127.01377599999999,서울교통공사,서울특별시 중구 청구로 지하77(신당동),02-6311-5371,2024-12-31
0635,신당,S1106,6호선,Sindang,新堂,환승역,S1102,수도권  도시철도 2호선,37.566173999999997,127.016158,서울교통공사,서울특별시 중구 다산로 지하260(흥인동),02-6311-6351,2024-12-31
0636,동묘앞,S1106,6호선,Dongmyo,東廟앞,환승역,I4101,수도권  광역철도 1호선,37.572274999999998,127.015666,서울교통공사,서울특별시 종로구 지봉로 지하24(숭인동),02-6311-6361,2024-12-31
0637,창신,S1106,6호선,Changsin,昌信,일반역,,,37.579771999999998,127.015246,서울교통공사,서울특별시 종로구 지봉로 지하112(창신동),02-6311-6371,2024-12-31
0638,보문,S1106,6호선,Bomun,普門,일반역,S1106,수도권  도시철도 6호선,37.585425999999998,127.019722,서울교통공사,서울특별시 성북구 보문로 지하116(보문동1가),02-6311-6381,2024-12-31
0639,안암(고대병원앞),S1106,6호선,Anam (Korea Univ. Hospital),安岩(高大病院앞),일반역,,,37.586261,127.02903000000001,서울교통공사,서울특별시 성북구 고려대로 지하89(안암동5가),02-6311-6391,2024-12-31
0640,고려대(종암),S1106,6호선,Korea Univ. (Jongam),高麗大(鍾岩),일반역,,,37.590339999999998,127.03626,서울교통공사,서울특별시 성북구 종암로 지하1(종암동),02-6311-6401,2024-12-31
0641,월곡(동덕여대),S1106,6호선,Wolgok (Dongduk Women's Univ.),月谷(同德女大),일반역,,,37.60192,127.04149200000001,서울교통공사,서울특별시 성북구 월곡로 지하107(하월곡동),02-6311-6411,2024-12-31
0642,상월곡(한국과학기술연구원),S1106,6호선,Sangwolgok(KIST),上月谷(韓國科學技術硏究院),일반역,,,37.606392,127.048509,서울교통공사,서울특별시 성북구 화랑로 지하157(상월곡동),02-6311-6421,2024-12-31
0643,돌곶이,S1106,6호선,Dolgoji,-,일반역,,,37.610522000000003,127.05641900000001,서울교통공사,서울특별시 성북구 화랑로 지하243(석관동),02-6311-6431,2024-12-31
0644,석계,S1106,6호선,Seokgye,石溪,환승역,I4101,수도권  광역철도 1호선,37.614936999999998,127.065922,서울교통공사,서울특별시 노원구 화랑로 지하 347-1(월계동) ,02-6311-6441,2024-12-31
0645,태릉입구,S1106,6호선,Taereung,泰陵入口,환승역,S1107,수도권  도시철도 7호선,37.617319000000002,127.074741,서울교통공사,서울특별시 노원구 동일로 지하 992-1(공릉동),02-6311-7171,2024-12-31
0646,화랑대(서울여대입구),S1106,6호선,Hwarangdae (Seoul Women's Univ.),花郞臺(서울女大入口),일반역,,,37.619875,127.08410600000001,서울교통공사,서울특별시 노원구 화랑로 지하510(공릉동),02-6311-6461,2024-12-31
0647,봉화산(서울의료원),S1106,6호선,Bonghwasan (Seoul Medical Center),烽火山(서울醫療院),일반역,,,37.617429000000001,127.0912326,서울교통공사,서울특별시 중랑구 신내로 지하232(신내동),02-6311-6471,2024-12-31
0648,신내,S1106,6호선,Sinnae,新內,일반역,,,37.612571000000003,127.104326,서울교통공사,서울특별시 중랑구 용마산로136길 33 신내차량기지,02-6311-6481,2024-12-31
0709,장암,S1107,7호선,Jangam,長岩,일반역,,,37.700150000000001,127.05312600000001,서울교통공사,경기도 의정부시 동일로 121(장암동),02-6311-7091,2024-12-31
0710,도봉산,S1107,7호선,Dobongsan,道峰山,환승역,I4101,수도권  광역철도 1호선,37.689131000000003,127.046548,서울교통공사,서울특별시 도봉구 도봉로 964-40(도봉동),02-6311-7101,2024-12-31
0711,수락산,S1107,7호선,Suraksan,水落山,일반역,,,37.677804000000002,127.055314,서울교통공사,서울특별시 노원구 동일로 지하1662(상계동),02-6311-7111,2024-12-31
0712,마들,S1107,7호선,Madeul,-,일반역,,,37.664985000000001,127.05770099999999,서울교통공사,서울특별시 노원구 동일로 지하1530-1(상계동),02-6311-7121,2024-12-31
0713,노원,S1107,7호선,Nowon,蘆原,환승역,I1104,수도권  광역철도 4호선,37.654477999999997,127.06055499999999,서울교통공사,서울특별시 노원구 동일로 지하1409(상계동),02-6311-7131,2024-12-31
0714,중계,S1107,7호선,Junggye,中溪,일반역,,,37.645052,127.06408399999999,서울교통공사,서울특별시 노원구 동일로 지하1308-1(중계동),02-6311-7141,2024-12-31
0715,하계,S1107,7호선,Hagye,下溪,일반역,,,37.636363000000003,127.067999,서울교통공사,서울특별시 노원구 동일로 지하1196(하계동),02-6311-7151,2024-12-31
0716,공릉(서울과학기술대),S1107,7호선,Gongneung (Seoul National Univ. of Science & Technology),孔陵(서울産業大入口),일반역,,,37.625641999999999,127.072969,서울교통공사,서울특별시 노원구 동일로 지하1074(공릉동),02-6311-7161,2024-12-31
0717,태릉입구,S1107,7호선,Taereung,泰陵入口,환승역,S1106,수도권  도시철도 6호선,37.618518999999999,127.075361,서울교통공사,서울특별시 노원구 동일로 지하 992-1(공릉동),02-6311-7171,2024-12-31
0718,먹골,S1107,7호선,Meokgol,-,일반역,,,37.610638000000002,127.077719,서울교통공사,서울특별시 중랑구 동일로 지하901(묵동),02-6311-7181,2024-12-31
0719,중화,S1107,7호선,Junghwa,中和,일반역,,,37.602603999999999,127.07925400000001,서울교통공사,서울특별시 중랑구 동일로 지하797(중화동),02-6311-7191,2024-12-31
0720,상봉,S1107,7호선,Sangbong,上鳳,환승역,I41K2+I41K4,수도권  광역철도 경춘+수도권 광역철도 경의중앙,37.595672999999998,127.085708,서울교통공사,서울특별시 중랑구 망우로 297(상봉동),02-6311-7201,2024-12-31
0721,면목,S1107,7호선,Myeonmok,面牧,일반역,,,37.588670999999998,127.087503,서울교통공사,서울특별시 중랑구 면목로 지하407(면목동) ,02-6311-7211,2024-12-31
0722,사가정,S1107,7호선,Sagajeong,四佳亭,일반역,,,37.580911999999998,127.08850200000001,서울교통공사,서울특별시 중랑구 사가정로 지하393(면목동),02-6311-7221,2024-12-31
0723,용마산(용마폭포공원),S1107,7호선,Yongmasan,龍馬山(龍馬瀑布公園),일반역,,,37.573751999999999,127.08680200000001,서울교통공사,서울특별시 중랑구 용마산로 지하227(면목동),02-6311-7231,2024-12-31
0724,중곡,S1107,7호선,Junggok,中谷,일반역,,,37.565877,127.08429099999999,서울교통공사,서울특별시 광진구 능동로 지하417(중곡동),02-6311-7241,2024-12-31
0725,군자(능동),S1107,7호선,Gunja (Neungdong),君子(陵洞),환승역,S1105,수도권  도시철도 5호선,37.557150999999998,127.07948399999999,서울교통공사,서울특별시 광진구 천호대로 지하550(능동),02-6311-5441,2024-12-31
0726,어린이대공원(세종대),S1107,7호선,Children's Grand Park (Sejong Univ.),어린이大公園(世宗大),일반역,,,37.547961999999998,127.07465000000001,서울교통공사,서울특별시 광진구 능동로 지하210(화양동),02-6311-7261,2024-12-31
0727,건대입구,S1107,7호선,Konkuk Univ.,建大入口,환승역,S1102,수도권  도시철도 2호선,37.540882000000003,127.07110299999999,서울교통공사,서울특별시 광진구 능동로 지하110(화양동),02-6311-7271,2024-12-31
0728,자양(뚝섬한강공원),S1107,7호선,Jayang (Ttukseom Hangang Park),紫陽(뚝섬漢江公園),일반역,,,37.531557999999997,127.066714,서울교통공사,서울특별시 광진구 능동로 10(자양동),02-6311-7281,2024-12-31
0729,청담,S1107,7호선,Cheongdam,淸潭,일반역,,,37.519097000000002,127.051851,서울교통공사,서울특별시 강남구 학동로 지하508(청담동),02-6311-7291,2024-12-31
0730,강남구청,S1107,7호선,Gangnam-gu Office,江南區廳,환승역,I41K1,수도권  광역철도 분당,37.517184999999998,127.04122,서울교통공사,서울특별시 강남구 학동로 지하346(삼성동),02-6311-7301,2024-12-31
0731,학동,S1107,7호선,Hakdong,鶴洞,일반역,,,37.514262000000002,127.031738,서울교통공사,서울특별시 강남구 학동로 지하180(논현동),02-6311-7311,2024-12-31
0732,논현,S1107,7호선,Nonhyeon,論峴,일반역,,,37.511108,127.021385,서울교통공사,서울특별시 강남구 학동로 지하102(논현동),02-6311-7321,2024-12-31
0733,반포,S1107,7호선,Banpo,盤浦,일반역,,,37.508170999999997,127.011717,서울교통공사,서울특별시 서초구 신반포로 지하241(잠원동),02-6311-7331,2024-12-31
0734,고속터미널,S1107,7호선,Express Bus Terminal,高速터미널,환승역,I1103+S11S1,수도권  광역철도 3호선+수도권 도시철도 9호선,37.503386999999996,127.005055,서울교통공사,서울특별시 서초구 신반포로 지하188(반포동),02-6311-7341,2024-12-31
0735,내방,S1107,7호선,Naebang,內方,일반역,,,37.487639999999999,126.99354099999999,서울교통공사,서울특별시 서초구 서초대로 지하103(방배동),02-6311-7351,2024-12-31
0736,이수,S1107,7호선,Isu,梨水,환승역,I1104,수도권  광역철도 4호선,37.485258000000002,126.98176599999999,서울교통공사,서울특별시 동작구 사당로 지하310(사당동),02-6311-7361,46022
0736,총신대입구(이수),S1107,7호선,Isu,總神大入口(梨水),환승역,I1104,수도권  광역철도 4호선,37.485258000000002,126.98176599999999,서울교통공사,서울특별시 동작구 사당로 지하310(사당동),02-6311-7361,2024-12-31
0737,남성,S1107,7호선,Namseong,南城,일반역,,,37.484687999999998,126.971108,서울교통공사,서울특별시 동작구 사당로 지하218(사당동),02-6311-7371,2024-12-31
0738,숭실대입구(살피재),S1107,7호선,Soongsil Univ. (Salpijae),崇實大入口(살피재),일반역,,,37.496257999999997,126.953649,서울교통공사,서울특별시 동작구 상도로 지하378(상도동),02-6311-7381,2024-12-31
0739,상도,S1107,7호선,Sangdo,上道,일반역,,,37.502789999999997,126.94794899999999,서울교통공사,서울특별시 동작구 상도로 지하272(상도1동),02-6311-7391,2024-12-31
0740,장승배기,S1107,7호선,Jangseungbaegi,-,일반역,,,37.504845000000003,126.939025,서울교통공사,서울특별시 동작구 상도로 지하188(상도동) ,02-6311-7401,2024-12-31
0741,신대방삼거리,S1107,7호선,Sindaebangsamgeori,新大方삼거리,일반역,,,37.499716999999997,126.928218,서울교통공사,서울특별시 동작구 상도로 지하76(대방동),02-6311-7411,2024-12-31
0742,보라매,S1107,7호선,Boramae,-,일반역,,,37.499915999999999,126.920112,서울교통공사,서울특별시 동작구 상도로 지하2(대방동),02-6311-7421,2024-12-31
0743,신풍,S1107,7호선,Sinpung,新豊,일반역,,,37.500107,126.909806,서울교통공사,서울특별시 영등포구 신풍로 지하27(신길동),02-6311-7431,2024-12-31
0744,대림(구로구청),S1107,7호선,Daerim (Guro-gu Office),大林(九老區廳),환승역,S1102,수도권  도시철도 2호선,37.492984,126.896997,서울교통공사,서울특별시 영등포구 도림로 지하137(대림동),02-6311-7441,2024-12-31
0745,남구로,S1107,7호선,Namguro,南九老,일반역,,,37.486181000000002,126.887372,서울교통공사,서울특별시 구로구 도림로 지하7(구로동) ,02-6311-7451,2024-12-31
0746,가산디지털단지,S1107,7호선,Gasan Digital Complex,加山디지털團地,환승역,I4101,수도권  광역철도 1호선,37.480376,126.882704,서울교통공사,서울특별시 금천구 벚꽃로 309(가산동),02-6311-7461,2024-12-31
0747,철산,S1107,7호선,Cheolsan,鐵山,일반역,,,37.47616,126.868217,서울교통공사,경기도 광명시 철산로 지하13(철산동),02-6311-7471,2024-12-31
0748,광명사거리,S1107,7호선,Gwangmyeongsageori,光明사거리,일반역,,,37.47927,126.854854,서울교통공사,경기도 광명시 오리로 지하980(광명동),02-6311-7481,2024-12-31
0749,천왕,S1107,7호선,Cheonwang,天旺,일반역,,,37.486699000000002,126.838684,서울교통공사,서울특별시 구로구 오리로 지하1154(천왕동),02-6311-7491,2024-12-31
0750,온수(성공회대입구),S1107,7호선,Onsu (Sungkonghoe Univ.),溫水(聖公會大入口),환승역,I4101,수도권  광역철도 1호선,37.492058999999998,126.823294,서울교통공사,서울특별시 구로구 경인로3길 지하64(온수동),02-6311-7501,2024-12-31
0809,암사역사공원,S1108,8호선,Amsa History Park,岩寺歷史公園,일반역,,,37.557167,127.137556,서울교통공사,서울시 강동구 아리수로 27번길 2,02-6311-8091,2024-12-31
0810,암사,S1108,8호선,Amsa,岩寺,일반역,,,37.550127000000003,127.127521,서울교통공사,서울특별시 강동구 올림픽로 지하776(암사동),02-6311-8101,2024-12-31
0811,천호(풍납토성),S1108,8호선,Cheonho (Pungnaptoseong),千戶(風納土城),환승역,S1105,수도권  도시철도 5호선,37.53792,127.12317899999999,서울교통공사,서울특별시 강동구 천호대로 지하997(천호동),02-6311-5471,2024-12-31
0812,강동구청,S1108,8호선,Gangdong-gu Office,江東區廳,일반역,,,37.530347999999996,127.12046100000001,서울교통공사,서울특별시 강동구 올림픽로 지하550(성내동),02-6311-8121,2024-12-31
0813,몽촌토성(평화의문),S1108,8호선,Mongchontoseong (World Peace Gate),夢村土城(平和의門),일반역,,,37.517691999999997,127.11274,서울교통공사,서울특별시 송파구 올림픽로 지하383(신천동),02-6311-8131,2024-12-31
0814,잠실(송파구청),S1108,8호선,Jamsil (Songpa-gu Office),蠶室(松坡區廳),환승역,S1102,수도권  도시철도 2호선,37.514648999999999,127.10426699999999,서울교통공사,서울특별시 송파구 올림픽로 305(신천동),02-6311-8141,2024-12-31
0815,석촌,S1108,8호선,Seokchon,石村,일반역,,,37.505395999999998,127.106995,서울교통공사,서울특별시 송파구 송파대로 지하439(석촌동),02-6311-8151,2024-12-31
0816,송파,S1108,8호선,Songpa,松坡,일반역,,,37.499780000000001,127.11212,서울교통공사,서울특별시 송파구 송파대로 지하354(가락동),02-6311-8161,2024-12-31
0817,가락시장,S1108,8호선,Garak Market,可樂市長,환승역,I1103,수도권  광역철도 3호선,37.493003999999999,127.118279,서울교통공사,서울특별시 송파구 송파대로 지하257(가락동),02-6311-8171,2024-12-31
0818,문정,S1108,8호선,Munjeong,文井,일반역,,,37.485931000000001,127.122473,서울교통공사,서울특별시 송파구 송파대로 지하179(문정동),02-6311-8181,2024-12-31
0819,장지,S1108,8호선,Jangji,長旨,일반역,,,37.478608999999999,127.126229,서울교통공사,서울특별시 송파구 송파대로 지하82(장지동),02-6311-8191,2024-12-31
0820,복정,S1108,8호선,Bokjeong,福井,환승역,I41K1,수도권  광역철도 분당,37.471015999999999,127.126746,서울교통공사,서울특별시 송파구 송파대로 지하6(장지동),02-6311-8201,2024-12-31
0821,남위례,S1108,8호선,Namwirye ,南慰禮,일반역,,,37.462839000000002,127.13904700000001,서울교통공사,경기도 성남시 수정구 공원로 601(복정동),02-6311-8211,2024-12-31
0822,산성,S1108,8호선,Sanseong,山城,일반역,,,37.456885999999997,127.14992700000001,서울교통공사,경기도 성남시 수정구 수정로 지하365(신흥동),02-6311-8221,2024-12-31
0823,남한산성입구(성남법원·검찰청),S1108,8호선,Namhansanseong(Seongnam Court & Public Prosecutor's Office),南漢山城入口(城南法院檢察廳) ,일반역,,,37.451568000000002,127.159845,서울교통공사,경기도 성남시 수정구 산성대로 지하445(단대동),02-6311-8231,2024-12-31
0824,단대오거리,S1108,8호선,Dandaeogeori,丹垈오거리,일반역,,,37.445056999999998,127.156735,서울교통공사,경기도 성남시 수정구 산성대로 지하365(신흥동),02-6311-8241,2024-12-31
0825,신흥,S1108,8호선,Sinheung,新興,일반역,,,37.440952000000003,127.14758999999999,서울교통공사,경기도 성남시 수정구 산성대로 지하280(신흥동),02-6311-8251,2024-12-31
0826,수진,S1108,8호선,Sujin,壽進,일반역,,,37.437575000000002,127.140936,서울교통공사,경기도 성남시 수정구 산성대로 지하200(수진동),02-6311-8261,2024-12-31
0827,모란,S1108,8호선,Moran,牡丹,환승역,I41K1,수도권  광역철도 분당,37.433987999999999,127.129921,서울교통공사,경기도 성남시 수정구 산성대로 지하100(수진동),02-6311-8271,2024-12-31
2111,용답,S1121,2호선,Yongdap,龍踏,일반역,,,37.562066000000002,127.05087863,서울교통공사,서울특별시 성동구 용답길 86(용답동),02-6110-1341,2024-12-31
2112,신답,S1121,2호선,Sindap,新踏,일반역,,,37.569847000000003,127.047048,서울교통공사,서울특별시 성동구 천호대로 232(용답동),02-6110-1351,2024-12-31
2113,용두(동대문구청),S1121,2호선,Yongdu (Dongdaemun-gu Office),龍頭(東大門區廳),일반역,,,37.574012000000003,127.03811,서울교통공사,서울특별시 동대문구 천호대로 지하129(용두동),02-6110-1361,2024-12-31
2114,신설동,S1121,2호선,Sinseoldong,新設洞,일반역,S1121,수도권  도시철도 2호선,37.574652999999998,127.025158,서울교통공사,서울특별시 동대문구 왕산로 지하 1(신설동),02-6110-1371,2024-12-31
2341,도림천,S1122,2호선,Dorimcheon,道林川,일반역,,,37.514558899999997,126.882586,서울교통공사,서울특별시 구로구 경인로67길 160(신도림동),02-6110-2441,2024-12-31
2342,양천구청,S1122,2호선,Yangcheon-gu Office,陽川區廳,일반역,,,37.512329399999999,126.865593,서울교통공사,서울특별시 양천구 목동로3길 지하33(신정동),02-6110-2451,2024-12-31
2343,신정네거리,S1122,2호선,Sinjeongnegeori,新亭네거리,일반역,,,37.520218,126.85284900000001,서울교통공사,서울특별시 양천구 중앙로 지하261(신정동),02-6110-2461,2024-12-31
P549,둔촌동,S1105,5호선,Dunchondong,遁村洞,일반역,,,37.527786999999996,127.136219,서울교통공사,서울특별시 강동구 양재대로 지하1369(둔촌동),02-6311-5541,2024-12-31
P550,올림픽공원(한국체대),S1105,5호선,Olympic Park (Korea National Sport Univ.),올림픽公園(韓國體大),일반역,,,37.516216999999997,127.130957,서울교통공사,서울특별시 송파구 양재대로 지하1233(방이동),02-6311-5551,2024-12-31
P551,방이,S1105,5호선,Bangi,芳荑,일반역,,,37.508752000000001,127.126054,서울교통공사,서울특별시 송파구 양재대로 지하1127(방이동),02-6311-5561,2024-12-31
P552,오금,S1105,5호선,Ogeum,梧琴,환승역,I1103,수도권  광역철도 3호선,37.502228000000002,127.127701,서울교통공사,서울특별시 송파구 오금로 지하321(오금동),02-6110-3521,2024-12-31
P553,개롱,S1105,5호선,Gaerong,開籠,일반역,,,37.498097000000001,127.134817,서울교통공사,서울특별시 송파구 오금로 지하402(가락동),02-6311-5581,2024-12-31
P554,거여,S1105,5호선,Geoyeo,巨余,일반역,,,37.493208000000003,127.14398300000001,서울교통공사,서울특별시 송파구 오금로 지하499(거여동),02-6311-5591,2024-12-31
P555,마천,S1105,5호선,Macheon,馬川,일반역,,,37.494971999999997,127.152784,서울교통공사,서울특별시 송파구 마천로57길 지하7(마천동),02-6311-5601,2024-12-31
4126,언주,S1109,수도권  도시철도 9호선,Eonju,彦州,일반역,,,37.507286999999998,127.033868,서울시메트로9호선㈜,서울특별시 강남구 봉은사로 201,02-2656-0926,1900-01-00
4127,선정릉,S1109,수도권  도시철도 9호선,Seonjeongneung,宣靖陵,환승역,I41K1,수인분당선,37.510280000000002,127.0437593,서울시메트로9호선㈜,서울특별시 강남구 선릉로 580,02-2656-0927,1900-01-00
4128,삼성중앙,S1109,수도권  도시철도 9호선,Samseongjungang,三成中央,일반역,,,37.513010999999999,127.053282,서울시메트로9호선㈜,서울특별시 강남구 봉은사로 501,02-2656-0928,1900-01-00
4129,봉은사,S1109,수도권  도시철도 9호선,Bongeunsa,奉恩寺,일반역,,,37.514218999999997,127.06024499999999,서울시메트로9호선㈜,서울특별시 강남구 봉은사로 601,02-2656-0929,1900-01-00
4130,종합운동장,S1109,수도권  도시철도 9호선,Sports Complex,综合运动场,환승역,S1102,수도권  도시철도 2호선,37.511156,127.07691699999999,서울시메트로9호선㈜,서울특별시 송파구 올림픽로 23,02-2656-0930,1900-01-00
4131,삼전,S1109,수도권  도시철도 9호선,Samjeon,三田,일반역,,,37.504531,127.087211,서울시메트로9호선㈜,서울특별시 송파구 백제고분로 지하 187,02-2656-0931,
4132,석촌고분,S1109,수도권  도시철도 9호선,Seokchon Gobun,石村古坟,일반역,,,37.502439000000003,127.096611,서울시메트로9호선㈜,서울특별시 송파구 삼학사로 지하 53 ,02-2656-0932,
4133,석촌,S1109,수도권  도시철도 9호선,Seokchon,石村,환승역,S1108,수도권  도시철도 8호선,37.505077999999997,127.106944,서울시메트로9호선㈜,서울특별시 송파구 석촌동 209,02-2656-0933,1900-01-00
4134,송파나루,S1109,수도권  도시철도 9호선,Songpanaru,松坡渡口,일반역,,,37.510550000000002,127.11245099999999,서울시메트로9호선㈜,서울특별시 송파구 백제고분로 지하 446,02-2656-0934,
4135,한성백제,S1109,수도권  도시철도 9호선,Hanseong Baekje,汉城百济,일반역,,,37.516368999999997,127.11621100000001,서울시메트로9호선㈜,서울특별시 송파구 위례성대로 지하 51,02-2656-0935,
4136,올림픽공원(한국체대),S1109,수도권  도시철도 9호선,Olympic Park,奥林匹克公园(韩国体育大学),환승역,S1105,수도권  도시철도 5호선,37.516111000000002,127.13033299999999,서울시메트로9호선㈜,서울특별시 송파구 양재대로 지하 1233,02-2656-0936,
4137,둔촌오륜,S1109,수도권  도시철도 9호선,Dunchon Oryun,遁村五轮,일반역,,,37.519339000000002,127.13861900000001,서울시메트로9호선㈜,서울특별시 강동구 강동대로 지하 327,02-2656-0937,
4138,중앙보훈병원,S1109,수도권  도시철도 9호선,VHS Medical Center,中央报勋医院,일반역,,,37.528807,127.148488,서울시메트로9호선㈜,서울특별시 강동구 명일로 지하 117,02-2656-0938,
4101,개화,S1109,서울 도시철도 9호선,Gaehwa,開花,일반역,,,37.578591000000003,126.797833,서울특별시 서울시메트로9호선㈜,서울특별시 강서구 개화동로8길 19,02-2656-0901,2024-02-29
4102,김포공항,S1109,서울 도시철도 9호선,Gimpo Int'l Airport,金浦空港,환승역,"S1105
I28A1
L41G1
I41WS","서울 도시철도 5호선
인천국제공항선
김포골드라인
서해선",37.562055999999998,126.801633,서울특별시 서울시메트로9호선㈜,서울특별시 강서구 하늘길 지하77,02-2656-0902,2024-08-31
4103,공항시장,S1109,서울 도시철도 9호선,Airport Market,空港市場,일반역,,,37.563726000000003,126.810678,서울특별시 서울시메트로9호선㈜,서울특별시 강서구 방화동로 지하30,02-2656-0903,2024-02-29
4104,신방화,S1109,서울 도시철도 9호선,Sinbanghwa,新傍花,일반역,,,37.567500000000003,126.816667,서울특별시 서울시메트로9호선㈜,서울특별시 강서구 방화대로 지하301,02-2656-0904,2024-02-29
4105,마곡나루(서울식물원),S1109,서울 도시철도 9호선,Magongnaru(Seoul Botanic Park),麻谷나루,환승역,I28A1,인천국제공항선,37.566716999999997,126.82760709999999,서울특별시 서울시메트로9호선㈜,서울특별시 강서구 마곡중앙5로 지하2,02-2656-0905,2025-03-31
4106,양천향교,S1109,서울 도시철도 9호선,Yangcheon Hyanggyo,陽川鄕校,일반역,,,37.568333000000003,126.84138900000001,서울특별시 서울시메트로9호선㈜,서울특별시 강서구 양천로 지하341,02-2656-0906,2024-02-29
4107,가양,S1109,서울 도시철도 9호선,Gayang,加陽,일반역,,,37.561110999999997,126.85507800000001,서울특별시 서울시메트로9호선㈜,서울특별시 강서구 양천로 지하485,02-2656-0907,2024-02-29
4108,증미,S1109,서울 도시철도 9호선,Jeungmi,曾米,일반역,,,37.557850000000002,126.86106700000001,서울특별시 서울시메트로9호선㈜,서울특별시 강서구 양천로 지하560,02-2656-0908,2024-02-29
4109,등촌,S1109,서울 도시철도 9호선,Deungchon,登村,일반역,,,37.551110999999999,126.864722,서울특별시 서울시메트로9호선㈜,서울특별시 강서구 공항대로 지하529,02-2656-0909,2024-02-29
4110,염창,S1109,서울 도시철도 9호선,Yeomchang,鹽倉,일반역,,,37.546944000000003,126.87472200000001,서울특별시 서울시메트로9호선㈜,서울특별시 강서구 공항대로 지하631,02-2656-0910,2024-02-29
4111,신목동,S1109,서울 도시철도 9호선,Sinmokdong,新木洞,일반역,,,37.544167000000002,126.883056,서울특별시 서울시메트로9호선㈜,서울특별시 양천구 목동중앙로 지하217,02-2656-0911,2024-02-29
4112,선유도,S1109,서울 도시철도 9호선,Seonyudo,仙遊島,일반역,,,37.537778000000003,126.893889,서울특별시 서울시메트로9호선㈜,서울특별시 영등포구 양평로 지하124,02-2656-0912,2024-02-29
4113,당산,S1109,서울 도시철도 9호선,Dangsan,堂山,환승역,S1102,서울 도시철도 2호선,37.533844000000002,126.90222199999999,서울특별시 서울시메트로9호선㈜,서울특별시 영등포구 양평로 지하40,02-2656-0913,2025-09-30
4114,국회의사당,S1109,서울 도시철도 9호선,National Assembly,國會議事堂,일반역,,,37.528104999999996,126.917874,서울특별시 서울시메트로9호선㈜,서울특별시 영등포구 국회대로 지하758,02-2656-0914,2024-02-29
4115,여의도,S1109,서울 도시철도 9호선,Yeouido,汝矣島,환승역,S1105,서울 도시철도 5호선,37.521743999999998,126.924167,서울특별시 서울시메트로9호선㈜,서울특별시 영등포구 의사당대로 지하101 (여의도동),02-2656-0915,2024-02-29
4116,샛강,S1109,서울 도시철도 9호선,Saetgang,赛江,환승역,L11SL,서울 경량도시철도 신림선,37.517299999999999,126.9284,서울특별시 서울시메트로9호선㈜,서울특별시 영등포구 의사당대로 지하166,02-2656-0916,2024-08-31
4117,노량진,S1109,서울 도시철도 9호선,Noryangjin,鷺梁津,환승역,I4101,경부선,37.513666999999998,126.940917,서울특별시 서울시메트로9호선㈜,서울특별시 동작구 노량진로 지하130,02-2656-0917,2024-02-29
4118,노들,S1109,서울 도시철도 9호선,Nodeul,鹭得,일반역,,,37.512726000000001,126.953096,서울특별시 서울시메트로9호선㈜,서울특별시 동작구 노량진로 지하238 (본동),02-2656-0918,2024-08-31
4119,흑석(중앙대입구),S1109,서울 도시철도 9호선,Heukseok(Chung-Ang Univ.),黑石(中央大入口),일반역,,,37.508889000000003,126.963611,서울특별시 서울시메트로9호선㈜,서울특별시 동작구 현충로 지하90 (흑석동),02-2656-0919,2024-05-31
4120,동작(현충원),S1109,서울 도시철도 9호선,Dongjak(Seoul National Cemetery),銅雀(顯忠院),환승역,I1104,서울 도시철도 4호선,37.502878000000003,126.978278,서울특별시 서울시메트로9호선㈜,서울특별시 동작구 현충로 지하220 (동작동),02-2656-0920,2024-05-31
4121,구반포,S1109,서울 도시철도 9호선,Gubanpo,舊盤浦,일반역,,,37.501389000000003,126.987222,서울특별시 서울시메트로9호선㈜,서울특별시 서초구 신반포로 지하17,02-2656-0921,2024-02-29
4122,신반포,S1109,서울 도시철도 9호선,Sinbanpo,新盤浦	,일반역,,,37.503503299999998,126.996044,서울특별시 서울시메트로9호선㈜,서울특별시 서초구 신반포로 지하105,02-2656-0922,2024-02-29
4123,고속터미널,S1109,서울 도시철도 9호선,Express Bus Terminal,高速巴士客运站​,환승역,"I1103
S1107","서울 도시철도 3호선
서울 도시철도 7호선",37.505932999999999,127.00404399999999,서울특별시 서울시메트로9호선㈜,서울특별시 서초구 신반포로 지하188,02-2656-0923,2024-08-31
4124,사평,S1109,서울 도시철도 9호선,Sapyeong,砂平,일반역,,,37.504161000000003,127.015219,서울특별시 서울시메트로9호선㈜,서울특별시 서초구 사평대로 지하285,02-2656-0924,2024-02-29
4125,신논현,S1109,서울 도시철도 9호선,Sinnonhyeon,新論峴,환승역,I11D1,신분당선,37.504443999999999,127.024417,서울특별시 서울시메트로9호선㈜,서울특별시 강남구 봉은사로 지하102,02-2656-0925,2024-02-29
S110,북한산우이,L11UI,우이신설선,BukhansanUI,北漢山牛耳,일반역,,,37.662840000000003,127.01272,우이신설경전철운영㈜,서울특별시 강북구 삼양로 지하 676,-,2022-05-25
S111,솔밭공원,L11UI,우이신설선,Solbat Park,松林公園,일반역,,,37.65607,127.01326,우이신설경전철운영㈜,서울특별시 강북구 삼양로 595,-,2022-05-25
S112,4.19민주묘지,L11UI,우이신설선,April 19th National Cemetery,四一九民主墓地,일반역,,,37.649540000000002,127.01371,우이신설경전철운영㈜,서울특별시 강북구 삼양로 519,-,2022-05-25
S113,가오리,L11UI,우이신설선,Gaori,加五里,일반역,,,37.641620000000003,127.01681000000001,우이신설경전철운영㈜,서울특별시 강북구 삼양로 426,-,2022-05-25
S114,화계,L11UI,우이신설선,Hwagye,華溪,일반역,,,37.634279999999997,127.0175,우이신설경전철운영㈜,서울특별시 강북구 삼양로 341,-,2022-05-25
S115,삼양,L11UI,우이신설선,Samyang,三陽,일반역,,,37.62706,127.01817,우이신설경전철운영㈜,서울특별시 강북구 삼양로 지하 259,-,2022-05-25
S116,삼양사거리,L11UI,우이신설선,Samyang Sageori,三陽四―驛,일반역,,,37.62144,127.02049,우이신설경전철운영㈜,서울특별시 강북구 삼양로 197,-,2022-05-25
S117,솔샘,L11UI,우이신설선,Solsaem,松泉,일반역,,,37.620370000000001,127.01357,우이신설경전철운영㈜,서울특별시 강북구 솔샘로 지하 189,-,2022-05-25
S118,북한산보국문,L11UI,우이신설선,Bukhansan Bogungmun,北漢山輔國門,일반역,,,37.61233,127.00816,우이신설경전철운영㈜,서울특별시 성북구 보국문로 지하 88,-,2022-05-25
S119,정릉,L11UI,우이신설선,Jeongneung,貞陵,일반역,,,37.602780000000003,127.01345000000001,우이신설경전철운영㈜,서울특별시 성북구 아리랑로 지하 122,-,2022-12-08
S120,성신여대입구,L11UI,우이신설선,Sungshin Women's Univ,誠信女大入口,환승역,I1104,수도권 광역철도 4호선,37.592469999999999,127.01656,우이신설경전철운영㈜,서울특별시 성북구 동선동1가 116-1,-,2022-05-25
S121,보문,L11UI,우이신설선,Bomun,普門,환승역,S1106,수도권 도시철도 6호선,37.585509999999999,127.01939,우이신설경전철운영㈜,서울특별시 성북구 보문동1가 127-6,-,2022-05-25
S122,신설동,L11UI,우이신설선,Sinseol-dong,新設洞,환승역,I4101,수도권 광역철도 1호선,37.576590000000003,127.02322100000001,우이신설경전철운영㈜,서울특별시 동대문구 신설동 132-259,-,2022-05-25
U110,발곡,L41U1,의정부,Balgok,钵谷,일반역,,,37.726982999999997,127.05288899999999,의정부경량전철㈜,경기도 의정부시 장곡로 258,031-820-1000,2023-09-04
U111,회룡,L41U1,의정부,Hoeryong,回龙,환승역,L41U1+I1101,의정부+서울 광역철도 1호선,37.725052550000001,127.0467864,의정부경량전철㈜,경기도 의정부시 평화로 363,031-820-1000,2023-09-04
U112,범골,L41U1,의정부,Beomgol,本果,일반역,,,37.728727900000003,127.0437202,의정부경량전철㈜,경기도 의정부시 신흥로 141,031-820-1000,2023-09-04
U113,경전철의정부,L41U1,의정부,LRT Uijeongbu,轻轨议政府,일반역,,,37.737299739999997,127.04332100000001,의정부경량전철㈜,경기도 의정부시 신흥로 237,031-820-1000,2023-09-04
U114,의정부시청,L41U1,의정부,Uijeongbu City Hall,议政府市厅,일반역,,,37.739248740000001,127.034854,의정부경량전철㈜,경기도 의정부시 의정로 69,031-820-1000,2023-09-04
U115,흥선,L41U1,의정부,Heungseon,兴宣,일반역,,,37.743224869999999,127.0371765,의정부경량전철㈜,경기도 의정부시 호국로 1197,031-820-1000,2023-09-04
U117,의정부중앙,L41U1,의정부,Uijeongbu Jung-ang,议政府中央,일반역,,,37.743719030000001,127.0496332,의정부경량전철㈜,경기도 의정부시 호국로 1305,031-820-1000,2023-09-04
U118,동오,L41U1,의정부,Dong-o,东梧,일반역,,,37.745191230000003,127.05703,의정부경량전철㈜,경기도 의정부시 장곡로 471,031-820-1000,2023-09-04
U119,새말,L41U1,의정부,Sae-mal,赛马,일반역,,,37.74889941,127.063869,의정부경량전철㈜,경기도 의정부시 장곡로 551,031-820-1000,2023-09-04
U120,경기도청북부청사,L41U1,의정부,Northern Gyeonggi-do Government,京畿道北部办公楼,일반역,,,37.750732130000003,127.0714795,의정부경량전철㈜,경기도 의정부시 장곡로 615,031-820-1000,2023-09-04
U121,효자,L41U1,의정부,Hyoja,孝子,일반역,,,37.753984520000003,127.0773155,의정부경량전철㈜,경기도 의정부시 부용로 159-40,031-820-1000,2023-09-04
U122,곤제,L41U1,의정부,Gonjae,昆弟,일반역,,,37.75054343,127.0838651,의정부경량전철㈜,경기도 의정부시 천보로 173,031-820-1000,2023-09-04
U123,어룡,L41U1,의정부,Eoryong,鱼龙,일반역,,,37.742721840000002,127.0852045,의정부경량전철㈜,경기도 의정부시 충의로 125,031-820-1000,2023-09-04
U124,송산,L41U1,의정부,Songsan,松山,일반역,,,37.737169799999997,127.0872755,의정부경량전철㈜,경기도 의정부시 충의로 59,031-820-1000,2023-09-04
U125,탑석,L41U1,의정부,Tapseok,塔石,일반역,,,37.733553620000002,127.0889064,의정부경량전철㈜,경기도 의정부시 충의로 20,031-820-1000,2023-09-04
101,인천국제공항역,S28M1,자기부상철도,Incheon Airport Terminal 1 Station,仁川国际机场第一航站楼站,환승역,I28A1,공항선,37.447221999999996,126.4525,인천광역시 인천국제공항공사,인천시 중구 공항로 271,032-741-8400,2023-06-01
102,장기주차장역,S28M1,자기부상철도,Long Term Parking Station,长期停车场站,일반역,,,37.443849999999998,126.455671,인천광역시 인천국제공항공사,인천시 중구 공항로 271,032-741-8400,2023-06-01
103,합동청사역,S28M1,자기부상철도,Administration Complex Station,综合办公大楼站,일반역,,,37.440519000000002,126.458654,인천광역시 인천국제공항공사,인천시 중구 공항로 271,032-741-8400,2023-06-01
104,파라다이스시티역,S28M1,자기부상철도,Paradise City Station,百乐达斯城站,일반역,,,37.437216999999997,126.459858,인천광역시 인천국제공항공사,인천시 중구 공항로 271,032-741-8400,2023-06-01
105,워터파크역,S28M1,자기부상철도,Water Park Station,水上乐园站,일반역,,,37.429226999999997,126.434183,인천광역시 인천국제공항공사,인천시 중구 공항로 271,032-741-8400,2023-06-01
106,용유역,S28M1,자기부상철도,Yongyu Station,龙游站,일반역,,,37.424804999999999,126.423637,인천광역시 인천국제공항공사,인천시 중구 용유로 44,032-741-8400,2023-06-01
3107,검단호수공원,S2801,인천지하철 1호선,Geomdan Lake Park,黔丹湖水公園,일반역,-,-,37.602499999999999,126.688056,인천교통공사,인천광역시 서구 불로동 608-16,032-451-3157,2025-06-30
3108,신검단중앙,S2801,인천지하철 1호선,Singeomdanjungang,新黔丹中央,일반역,-,-,37.602600000000002,126.698611,인천교통공사,인천광역시 서구 원당로652,032-567-0311,2025-06-30
3109,"아라(북부법원, 검찰청)",S2801,인천지하철 1호선,Ara(Northern District Court․Prosecutors' Office),아라(北部法院․檢察廳),일반역,-,-,37.592222,126.71333300000001,인천교통공사,인천광역시 서구 당하동 1238,032-567-0310,2025-06-30
3110,계양,S2801,인천지하철 1호선,Gyeyang,桂陽,환승역,S2801+I28A1,공항철도,37.571539000000001,126.73631899999999,인천교통공사,인천광역시 계양구 다남로 24,032-710-9105,2022-04-30
3111,귤현,S2801,인천지하철 1호선,Gyulhyeon,橘峴,일반역,-,-,37.566361999999998,126.742498,인천교통공사,인천광역시 계양구 장제로 1136,032-515-9104,2022-04-30
3112,박촌,S2801,인천지하철 1호선,Bakchon,朴村,일반역,-,-,37.553525,126.744946,인천교통공사,인천광역시 계양구 장제로 992,032-519-3122,2022-04-30
3113,임학,S2801,인천지하철 1호선,Imhak,林鶴,일반역,-,-,37.545057999999997,126.738642,인천교통공사,인천광역시 계양구 장제로 875,032-541-3113,2022-04-30
3114,계산,S2801,인천지하철 1호선,Gyesan,桂山,일반역,-,-,37.543242999999997,126.728436,인천교통공사,인천광역시 계양구 경명대로 1089,032-546-3151,2022-04-30
3115,경인교대입구,S2801,인천지하철 1호선,Gyeongin Nat'l Univ of Education,京仁敎大入口,일반역,-,-,37.538271999999999,126.72260300000001,인천교통공사,인천광역시 계양구 계양대로 162,032-553-3394,2022-04-30
3116,작전,S2801,인천지하철 1호선,Jakjeon,鵲田,일반역,-,-,37.530270999999999,126.722548,인천교통공사,인천광역시 계양구 게양대로 73,032-543-3116,2022-04-30
3117,갈산,S2801,인천지하철 1호선,Galsan,葛山,일반역,-,-,37.517124000000003,126.721566,인천교통공사,인천광역시 부평구 부평대로 286,032-511-4245,2022-04-30
3118,부평구청,S2801,인천지하철 1호선,Bupyeong-gu Office,富平區廳,환승역,S2801+S1107,7호선,37.508768000000003,126.720547,인천교통공사,인천광역시 부평구 부평대로 189,032-513-9103,2022-04-30
3119,부평시장,S2801,인천지하철 1호선,Bupyeong Market,富平市場,일반역,-,-,37.498494999999998,126.72228200000001,인천교통공사,인천광역시 부평구 부평대로 69,032-512-3119,2022-04-30
3120,부평,S2801,인천지하철 1호선,Bupyeong,富平,환승역,S2801+S1101,경인선,37.490541,126.723437,인천교통공사,인천광역시 부평구 광장로 15,032-515-9103,2022-04-30
3121,동수,S2801,인천지하철 1호선,Dongsu,東樹,일반역,-,-,37.485408999999997,126.718464,인천교통공사,인천광역시 부평구 경인로 877,032-516-3121,2022-04-30
3122,부평삼거리,S2801,인천지하철 1호선,Bupyeongsamgeori,富平三거리,일반역,-,-,37.478267000000002,126.710494,인천교통공사,인천광역시 부평구 경인로 765,032-516-3122,2022-04-30
3123,간석오거리,S2801,인천지하철 1호선,Ganseogogeori,間石五거리,일반역,-,-,37.466920999999999,126.70786099999999,인천교통공사,인천광역시 남동구 경인로 674,032-434-3123,2022-04-30
3124,인천시청,S2801,인천지하철 1호선,Incheon City Hall,仁川市廳,일반역,-,-,37.457614999999997,126.70221600000001,인천교통공사,인천광역시 남동구 예술로 264,032-441-3124,2022-04-30
3125,예술회관,S2801,인천지하철 1호선,Arts Center,藝術會館,일반역,-,-,37.449334,126.700991,인천교통공사,인천광역시 남동구 예술로 172,032-441-3125,2022-04-30
3126,인천터미널,S2801,인천지하철 1호선,Incheon Bus Terminal,仁川터미널,일반역,-,-,37.441916999999997,126.699727,인천교통공사,인천광역시 미추홀구 예술로 85,032-441-3126,2022-04-30
3127,문학경기장,S2801,인천지하철 1호선,Munhak Sports Complex,文鶴競技場,일반역,-,-,37.434964000000001,126.698373,인천교통공사,인천광역시 연수구 예술로 2,032-441-3127,2022-04-30
3128,선학,S2801,인천지하철 1호선,Seonhak,仙鶴,일반역,-,-,37.426985000000002,126.69887199999999,인천교통공사,인천광역시 연수구 경원대로 480,032-821-3128,2022-04-30
3129,신연수,S2801,인천지하철 1호선,Sinyeonsu,新延壽,일반역,-,-,37.418031999999997,126.693853,인천교통공사,인천광역시 연수구 경원대로 368,032-813-3129,2022-04-30
3130,원인재,S2801,인천지하철 1호선,Woninjae,源仁齋,환승역,S2801+I28K3,수인분당선,37.412363999999997,126.687893,인천교통공사,인천광역시 연수구 경원대로 285,032-816-3130,2022-04-30
3131,동춘,S2801,인천지하철 1호선,Dongchun,東春,일반역,-,-,37.404676000000002,126.680835,인천교통공사,인천광역시 연수구 경원대로 180,032-814-5702,2022-04-30
3132,동막,S2801,인천지하철 1호선,Dongmak,東幕,일반역,-,-,37.398173,126.67356100000001,인천교통공사,인천광역시 연수구 경원대로 80,032-816-5584,2022-04-30
3133,캠퍼스타운,S2801,인천지하철 1호선,Campus Town,-,일반역,-,-,37.388209000000003,126.661985,인천교통공사,인천광역시 연수구 송도국제대로 66,032-451-3183,2022-04-30
3134,테크노파크,S2801,인천지하철 1호선,Technopark,-,일반역,-,-,37.382311000000001,126.656355,인천교통공사,인천광역시 연수구 송도국제대로 150,032-451-3184,2022-04-30
3135,지식정보단지,S2801,인천지하철 1호선,BIT Zone,知識情報團地,일반역,-,-,37.378020999999997,126.64541199999999,인천교통공사,인천광역시 연수구 인천타워대로 57,032-451-3185,2022-04-30
3136,인천대입구,S2801,인천지하철 1호선,Incheon National University,仁川大入口,일반역,-,-,37.386239000000003,126.639351,인천교통공사,인천광역시 연수구 인천타워대로 155,032-451-3186,2022-04-30
3137,센트럴파크,S2801,인천지하철 1호선,Central Park,-,일반역,-,-,37.392833000000003,126.635002,인천교통공사,인천광역시 연수구 인천타워대로 240,032-451-3187,2022-04-30
3138,국제업무지구,S2801,인천지하철 1호선,Int'l Business District,國際業務地區,일반역,-,-,37.400421000000001,126.630105,인천교통공사,인천광역시 연수구 인천타워대로 334,032-451-3188,2022-04-30
3139,송도달빛축제공원,S2801,인천지하철 1호선,Songdo Moonlight Festival Park,松島달빛祝祭公園,일반역,-,-,37.406874950000002,126.6260537,인천교통공사,인천광역시 연수구 송도동 340,032-451-3189,2022-04-30
3201,검단오류,S2802,인천지하철 2호선,Geomdan Oryu,黔丹梧柳,일반역,-,-,37.595016200000003,126.62801,인천교통공사,인천광역시 서구 검단로 187 (오류동),032-451-4301,2022-04-30
3202,왕길,S2802,인천지하철 2호선,Wanggil,旺吉,일반역,-,-,37.595019100000002,126.642284,인천교통공사,인천광역시 서구 검단로 323 (왕길동),032-451-4302,2022-04-30
3203,검단사거리,S2802,인천지하철 2호선,Geomdan Sageori,黔丹十字路口,일반역,-,-,37.601692999999997,126.65654499999999,인천교통공사,인천광역시 서구 검단로 473 (왕길동),032-451-4303,2022-04-30
3204,마전,S2802,인천지하철 2호선,Majeon,麻田,일반역,-,-,37.597755999999997,126.66719500000001,인천교통공사,인천광역시 서구 완정로 68 (마전동),032-451-4304,2022-04-30
3205,완정,S2802,인천지하철 2호선,Wanjeong,完井,일반역,-,-,37.592866999999998,126.672961,인천교통공사,인천광역시 서구 원당대로 650 (당하동),032-451-4305,2022-04-30
3206,독정,S2802,인천지하철 2호선,Dokjeong,篤亭,일반역,-,-,37.584927,126.67598099999999,인천교통공사,인천광역시 서구 서곶로 760 (백석동),032-451-4306,2022-04-30
3207,검암,S2802,인천지하철 2호선,Geomam,黔岩,환승역,S2802+I28A1,공항철도,37.568610999999997,126.67568199999999,인천교통공사,인천광역시 서구 검바위로 4 (검암동),032-451-4307,2022-04-30
3208,검바위,S2802,인천지하철 2호선,Geombawi,黔石,일반역,-,-,37.561090999999998,126.67752900000001,인천교통공사,인천광역시 서구 서곶로 492 (검암동),032-451-4308,2022-04-30
3209,아시아드경기장,S2802,인천지하철 2호선,Asiad Stadium,亞運會賽場,일반역,-,-,37.551372999999998,126.677075,인천교통공사,인천광역시 서구 서곶로 382 (연희동),032-451-4309,2022-04-30
3210,서구청,S2802,인천지하철 2호선,Seo-gu Office,西區廳,일반역,-,-,37.543838999999998,126.676795,인천교통공사,인천광역시 서구 서곶로 294 (심곡동),032-451-4310,2022-04-30
3211,가정(루원시티),S2802,인천지하철 2호선,Gajeong,佳亭,일반역,-,-,37.524805000000001,126.675387,인천교통공사,인천광역시 서구 봉오대로 234 (가정동),032-451-4311,2022-04-30
3212,가정중앙시장,S2802,인천지하철 2호선,Gajeong Jungang Market,佳亭中央市場,일반역,-,-,37.517510999999999,126.676784,인천교통공사,인천광역시 서구 가남로 400 (가정동),032-451-4312,2022-04-30
3213,석남(거북시장),S2802,인천지하철 2호선,Seongnam(Geobuk Market),石南(거북市場),환승역,S2802+S1107,7호선,37.507210999999998,126.676304,인천교통공사,인천광역시 서구 가석로 257 (석남동),032-451-4313,2022-04-30
3214,서부여성회관,S2802,인천지하철 2호선,West Woman’s Community Center,西部女性會館,일반역,-,-,37.500298000000001,126.675875,인천교통공사,인천광역시 서구 가석로 169 (석남동),032-451-4314,2022-04-30
3215,인천가좌,S2802,인천지하철 2호선,Incheon Gajwa,仁川佳佐,일반역,-,-,37.489961999999998,126.675284,인천교통공사,인천광역시 서구 가석로 67 (가좌동),032-451-4315,2022-04-30
3216,가재울,S2802,인천지하철 2호선,Gajaeul,伽岾溪,일반역,-,-,37.484152000000002,126.68388299999999,인천교통공사,인천광역시 서구 열우물로 252 (가좌동),032-451-4316,2022-04-30
3217,주안국가산단,S2802,인천지하철 2호선,Juan National Industrial Complex,朱安國家産團,일반역,-,-,37.473599,126.681102,인천교통공사,인천광역시 서구 방축로 343 (가좌동),032-451-4317,2022-04-30
3218,주안,S2802,인천지하철 2호선,Juan,朱安,환승역,S2802+S1101,경인선,37.465234000000002,126.679041,인천교통공사,인천광역시 미추홀구 주안로 지하 91-1 (주안동),032-451-4318,2022-04-30
3219,시민공원,S2802,인천지하철 2호선,Citizens Park,市民公園,일반역,-,-,37.458339000000002,126.6810091,인천교통공사,인천광역시 미추홀구 경인로 371 (주안동),032-451-4319,2022-04-30
3220,석바위시장,S2802,인천지하철 2호선,Seokbawi Market,石岩市場,일반역,-,-,37.457659,126.692387,인천교통공사,인천광역시 미추홀구 구월로 19 (주안동),032-451-4320,2022-04-30
3221,인천시청,S2802,인천지하철 2호선,Incheon City Hall,仁川市廳,환승역,S2802+S2801,인천1호선,37.456904000000002,126.70152299999999,인천교통공사,인천광역시 남동구 구월로 지하 99 (간석동),032-451-4321,2022-04-30
3222,석천사거리,S2802,인천지하철 2호선,Seokcheon Sageori,石泉十字路口,일반역,-,-,37.456932299999998,126.71038299999999,인천교통공사,인천광역시 남동구 구월로 지하 181 (구월동),032-451-4322,2022-04-30
3223,모래내시장,S2802,인천지하철 2호선,Moraenae Market,沙丘市場,일반역,-,-,37.455841999999997,126.719578,인천교통공사,인천광역시 남동구 구월로 지하 255 (구월동),032-451-4323,2022-04-30
3224,만수,S2802,인천지하철 2호선,Mansu,万壽,일반역,-,-,37.454962000000002,126.731764,인천교통공사,인천광역시 남동구 구월로 지하 367 (만수동),032-451-4324,2022-04-30
3225,남동구청,S2802,인천지하철 2호선,Namdong-gu Office,南洞區廳,일반역,-,-,37.448179000000003,126.736581,인천교통공사,인천광역시 남동구 인주대로 지하 889 (만수동),032-451-4325,2022-04-30
3226,인천대공원,S2802,인천지하철 2호선,Incheon Grand Park,仁川大公園,일반역,-,-,37.448475000000002,126.753051,인천교통공사,인천광역시 남동구 수인로 3677 (장수동),032-451-4326,2022-04-30
3227,운연,S2802,인천지하철 2호선,Unyeon,云宴,일반역,-,-,37.439532999999997,126.759609,인천교통공사,인천광역시 남동구 매소홀로 1229 (운연동),032-451-4327,2022-04-30
3753,까치울,S1107,도시철도 7호선,Kkachiul,-,일반역,,,37.506236000000001,126.81095000000001,인천교통공사,경기도 부천시 원미구 길주로 지하 626 (춘의동),032-451-1303,2022-04-30
3754,부천종합운동장,S1107,도시철도 7호선,Bucheon Stadium,富川綜合運動場,일반역,,,37.505381,126.79734999999999,인천교통공사,경기도 부천시 원미구 길주로 지하 502 (춘의동),032-451-1313,2022-04-30
3755,춘의,S1107,도시철도 7호선,Chunui,春衣,일반역,,,37.50365,126.787069,인천교통공사,경기도 부천시 원미구 길주로 지하 406 (춘의동),032-451-1323,2022-04-30
3756,신중동,S1107,도시철도 7호선,Sinjung-dong,新中洞,일반역,,,37.503081000000002,126.776161,인천교통공사,경기도 부천시 원미구 길주로 지하 314 (중동),032-451-1333,2022-04-30
3757,부천시청,S1107,도시철도 7호선,Bucheon City Hall,富川市廳,일반역,,,37.504610999999997,126.763561,인천교통공사,경기도 부천시 원미구 길주로 지하 202 (중동),032-451-1343,2022-04-30
3758,상동,S1107,도시철도 7호선,Sang-dong,上洞,일반역,,,37.505769000000001,126.75308099999999,인천교통공사,경기도 부천시 원미구 길주로 지하 104 (상동),032-451-1353,2022-04-30
3759,삼산체육관,S1107,도시철도 7호선,Samsan Gymnasium,三山體育館,일반역,,,37.506430999999999,126.742081,인천교통공사,인천광역시 부평구 길주로 지하 713 (삼산동),032-451-1363,2022-04-30
3760,굴포천,S1107,도시철도 7호선,Gulpocheon,掘浦川,일반역,,,37.506950000000003,126.731481,인천교통공사,인천광역시 부평구 길주로 지하 623 (삼산동),032-451-1373,2022-04-30
3761,부평구청,S1107,도시철도 7호선,Bupyeong-gu office,富平區廳,환승역,S1107+S2801,인천1호선,37.507522999999999,126.721356,인천교통공사,인천광역시 부평구 길주로 지하 527 (갈산동),032-451-1383,2022-04-30
3762,산곡,S1107,도시철도 7호선,Sangok,山谷,일반역,,,37.508547,126.70350999999999,인천교통공사,인천광역시 부평구 길주로 지하 379 (산곡동),032-451-1393,2022-04-30
3763,석남(거북시장),S1107,도시철도 7호선,Seongnam(Geobuk Market),石南(거북市場),환승역,S1107+S2802,인천2호선,37.506208000000001,126.676213,인천교통공사,인천광역시 서구 길주로 지하 120 (석남동),032-451-1403,2022-04-30
1002,남영역,I4101,경부선,Namyeong,南 營,일반역,,,37.540596999999998,126.971171,한국철도공사,서울시 용산구 한강대로 77길 25(갈월동),1588-7788,2025-04-08
1003,용산역,I4101,경부선,Yongsan,龍 山,환승역,I41K4,경의중앙선,37.529890000000002,126.964775,한국철도공사,서울시 용산구 한강대로 23길 55(한강로 3가 40-999),1588-7788,2025-04-08
1003,용산역,I4102,경원선,Yongsan,龍 山,환승역,I4101,경부선,37.529890000000002,126.964775,한국철도공사,서울시 용산구 한강대로 23길 55(한강로 3가 40-999),1588-7788,2025-04-08
1004,노량진역,I4101,경부선,Noryangjin,鷺梁津,환승역,S1109,서울 도시철도 9호선,37.514071999999999,126.941671,한국철도공사,서울시 동작구 노량진로 151,1588-7788,2025-04-08
1005,대방역,I4101,경부선,Daebang,大 方,환승역,L11SL,수도권 경량도시철도 신림선,37.513392000000003,126.926407,한국철도공사,서울시 영등포구 여의대방로 300,1588-7788,2025-04-08
1006,영등포역,I4101,경부선,Yeongdeungpo,永登浦,일반역,,,37.515756000000003,126.907411,한국철도공사,서울시 영등포구 경인로 846(영등포동 1가 618-496),1588-7788,2025-04-08
1007,신도림역,I4101,경부선,Sindorim,新道林,환승역,S1102,수도권 도시철도 2호선,37.508983000000001,126.891513,한국철도공사,서울시 구로구 새말로 117-21,1588-7788,2025-04-08
1008,이촌역,I4102,경원선,Ichon,二 村,환승역,I1104,수도권 광역철도 4호선,37.522475999999997,126.973816,한국철도공사,서울시 용산구 이촌로 71길 42,1588-7788,2025-04-08
1009,서빙고역,I4102,경원선,Seobinggo,西氷庫,일반역,,,37.51961,126.98835800000001,한국철도공사,서울시 용산구 서빙고로 238(서빙고동 241-11),1588-7788,2025-04-08
1010,한남역,I4102,경원선,Hannam,漢 南,일반역,,,37.529361000000002,127.008984,한국철도공사,서울시 용산구 독서당로6길 12-13(한남동),1588-7788,2025-04-08
1011,옥수역,I4102,경원선,Oksu,玉 水,환승역,I1103,수도권 광역철도 3호선,37.540514000000002,127.018698,한국철도공사,서울시 성동구 동호로 지하21(옥수동),1588-7788,2025-04-08
1012,응봉역,I4102,경원선,Eungbong,鷹 峰,일반역,,,37.550432999999998,127.034824,한국철도공사,서울시 성동구 고산자로 123(응봉동),1588-7788,2025-04-08
1013,왕십리역,I4102,경원선,Wangsimni,往十里,환승역,"S1102, S1105, I4105","수도권 도시철도 2호선, 수도권 도시철도 5호선, 분당선",37.561728000000002,127.038405,한국철도공사,서울시 성동구 왕십리 광장로 17(행당동),1588-7788,2025-04-08
1013,왕십리역,I4105,분당선,Wangsimni,往十里,환승역,"S1102, S1105, I41K4","수도권 도시철도 2호선, 수도권 도시철도 5호선, 경의중앙선",37.5610128,127.03870499999999,한국철도공사,서울시 성동구 왕십리 광장로 17(행당동),1588-7788,2025-04-08
1014,청량리역,I4102,경원선,Cheongnyangni,淸凉里,환승역,"S1101, I41K2, I4105","1호선, 경춘선, 분당선",37.580542999999999,127.04807700000001,한국철도공사,서울시 동대문구 왕산로 214,1588-7788,2025-04-08
1014,청량리역,I4108,경의중앙선,Cheongnyangni,淸凉里,환승역,"S1101, I41K4, I4105","1호선, 경의중앙선, 분당선",37.580043000000003,127.047588,한국철도공사,서울시 동대문구 왕산로 214,1588-7788,2025-04-08
1015,회기역,I4102,경원선,Hoegi,回 基,환승역,"I41K4, I41K2","경의중앙선, 경춘선",37.589601999999999,127.057936,한국철도공사,서울시 동대문구 회기로196(휘경동 317-101),1588-7788,2025-04-08
1015,회기역,I4108,경의중앙선,Hoegi,回 基,환승역,"I4102, I41K2","경원선, 경춘선",37.589801999999999,127.057936,한국철도공사,서울시 동대문구 회기로196(휘경동 317-101),1588-7788,2025-04-08
1016,외대앞역,I4102,경원선,Hankuk Univ. of Foreign Studies,外大앞,일반역,,,37.596156999999998,127.06357199999999,한국철도공사,서울시 동대문구 휘경로 27(이문동 360-5),1588-7788,2025-04-08
1017,신이문역,I4102,경원선,Sinimun,新里門,일반역,,,37.601829000000002,127.067347,한국철도공사,서울시 동대문구 한천로 472(이문로 7),1588-7788,2025-04-08
1018,석계역,I4102,경원선,Seokgye,石 溪,환승역,S1106,6호선,37.615206000000001,127.065594,한국철도공사,서울시 노원구 화랑로 341(월계동 36-4),1588-7788,2025-04-08
1019,광운대역,I4102,경원선,Kwangwoon Univ.,光云大,환승역,I41K2,경춘선,37.623570000000001,127.06180999999999,한국철도공사,서울시 노원구 석계로 98-2(광운대역),1588-7788,2025-04-08
1019,광운대역,I4108,경의중앙선,Kwangwoon Univ.,光云大,환승역,I4102,경원선,37.623899999999999,127.062,한국철도공사,서울시 노원구 석계로 98-2(광운대역),1588-7788,2025-04-08
1019,광운대역,I4108,경춘선,Kwangwoon Univ.,光云大,환승역,I4102,경원선,37.623635,127.061975,한국철도공사,서울시 노원구 석계로 98-2(광운대역),1588-7788,46022
1020,월계역,I4102,경원선,Wolgye,月 溪,일반역,,,37.633113999999999,127.058835,한국철도공사,서울시 노원구 월계로 53길 40(월계2동 261),1588-7788,2025-04-08
1021,녹천역,I4102,경원선,Nokcheon,鹿 川,일반역,,,37.644598999999999,127.051406,한국철도공사,서울시 도봉구 덕릉로 376(창동),1588-7788,2025-04-08
1022,창동역,I4102,경원선,Chang-dong,倉 洞,환승역,I1104,수도권 광역철도 4호선,37.653180999999996,127.047663,한국철도공사,서울시 도봉구 마들로 11길 77(창1동 135-86),1588-7788,2025-04-08
1023,선릉역,I4105,분당선,Seolleung,宣 陵,환승역,S1102,수도권 도시철도 2호선,37.504479000000003,127.048941,한국철도공사,서울시 강남구 테헤란로 지하 340,1588-7788,2025-04-08
1024,한티역,I4105,분당선,Hanti,한티,일반역,,,37.496208000000003,127.05288299999999,한국철도공사,서울시 강남구 선릉로 지하 228,1588-7788,2025-04-08
1025,도곡역,I4105,분당선,Dogok,道 谷,환승역,I1103,수도권 광역철도 3호선,37.490913999999997,127.055393,한국철도공사,서울시 강남구 남부순환로 지하 2814,1588-7788,2025-04-08
1026,구룡역,I4105,분당선,Guryong,九 龍,일반역,,,37.486984999999997,127.059496,한국철도공사,서울시 강남구 개포동 175-3,1588-7788,2025-04-08
1027,개포동역,I4105,분당선,Gaepo-dong,開 浦 洞,일반역,,,37.489111999999999,127.06602700000001,한국철도공사,서울시 강남구 개포동 지하 420(개포동),1588-7788,2025-04-08
1028,대모산입구역,I4105,분당선,Daemosan,大 母 山入 口,일반역,,,37.491346999999998,127.07270200000001,한국철도공사,서울특별시 강남구 개포로 522,1588-7788,2025-04-08
1030,수서역,I4105,분당선,Suseo,水 西,환승역,I1103,"수도권 광역철도 3호선, GTX-A",37.487633000000002,127.101118,한국철도공사,서울시 강남구 광평로 지하 270(수서동),1588-7788,2025-04-08
1031,복정역,I4105,분당선,Bokjeong,福 井,환승역,S1108,수도권 도시철도 8호선,37.469752999999997,127.126627,한국철도공사,서울특별시 송파구 송파대로 6,1588-7788,2025-04-08
1032,신길역,I4101,경부선,Singil,新 吉,환승역,S1105,수도권 도시철도 5호선,37.517018,126.917743,한국철도공사,서울시 영등포구 영등포로 327,1588-7788,2025-04-08
1201,중랑역,I4108,경의중앙선,Jungnang,中 浪,환승역,I41K2,경춘선,37.594948000000002,127.07615199999999,한국철도공사,서울특별시 중랑구 중랑역로 9,1588-7788,2025-04-08
1201,중랑역,I4108,경춘선,Jungnang,中 浪,환승역,I41K2,경의중앙선,37.594948000000002,127.07615199999999,한국철도공사,서울특별시 중랑구 중랑역로 9,1588-7788,46022
1202,상봉역,I4108,경의중앙선,Sangbong,上鳳,환승역,"S1107, I41K2","수도권 도시철도 7호선, 경춘선",37.596753999999997,127.085553,한국철도공사,서울시 중랑구 망우로 297(상봉1동 100-9번지),1588-7788,2025-04-08
1202,상봉역,I4108,경춘선,Sangbong,上鳳,환승역,"S1107, I41K2","수도권 도시철도 7호선, 경의중앙선",37.595253999999997,127.085853,한국철도공사,서울시 중랑구 망우로 297(상봉1동 100-9번지),1588-7788,46022
1203,망우역,I4108,경의중앙선,Mangu,忘 憂,환승역,I41K2,경춘선,37.599288000000001,127.09231800000001,한국철도공사,서울시 중랑구 망우로 55길 11-10,1588-7788,2025-04-08
1203,망우역,I41K2,경춘선,Mangu,忘 憂,환승역,I41K4,경의중앙선,37.599988000000003,127.09203100000001,한국철도공사,서울시 중랑구 망우로 55길 11-10,1588-7788,2025-04-08
1204,양원역,I4108,경의중앙선,Yangwon,養 源,일반역,,,36.963729000000001,129.09132099999999,한국철도공사,서울시 중랑구 송림길 147(망우동),1588-7788,2025-04-08
1205,구리역,I4108,경의중앙선,Guri,九 里,환승역,S1108,수도권 도시철도 8호선,37.603259999999999,127.143373,한국철도공사,경기도 구리시 건원대로 34번길 32-29(인창동 244-2),1588-7788,2025-04-08
1206,도농역,I4108,경의중앙선,Donong,陶 農,일반역,,,37.608756,127.16110500000001,한국철도공사,경기도 남양주시 경춘로 433(도농동 56-1),1588-7788,2025-04-08
1207,양정역,I4108,경의중앙선,Yangjeong,養 正,일반역,,,37.604269000000002,127.194602,한국철도공사,경기도 남양주시 경강로 237(이패동 398-32),1588-7788,2025-04-08
1208,덕소역,I4108,경의중앙선,Deokso,德 沼,일반역,,,37.586891999999999,127.20883499999999,한국철도공사,경기도 남양주시 와부읍 덕서로 56(덕소리 590-17),1588-7788,2025-04-08
1209,도심역,I4108,경의중앙선,Dosim,陶 深,일반역,,,37.579628,127.222798,한국철도공사,경기도 남양주시 와부읍 덕소로 237(도곡리 1024-2),1588-7788,2025-04-08
1210,팔당역,I4108,경의중앙선,Paldang,八 堂,일반역,,,37.547320999999997,127.24389600000001,한국철도공사,경기도 남양주시 와부읍 팔당로 107번길,1588-7788,2025-04-08
1211,운길산역,I4108,경의중앙선,Ungilsan,蕓吉山,일반역,,,37.554659000000001,127.310089,한국철도공사,경기도 남양주시 조안면 운길산로 20,1588-7788,2025-04-08
1212,양수역,I4108,경의중앙선,Yangsu,兩 水,일반역,,,37.545997999999997,127.328948,한국철도공사,경기도 양평군 양서면 목왕로 55-10,1588-7788,2025-04-08
1213,신원역,I4108,경의중앙선,Sinwon,新 院,일반역,,,37.525920999999997,127.37274499999999,한국철도공사,경기도 양평군 양서면 신원역길 7  _x000D_,1588-7788,2025-04-08
1214,국수역,I4108,경의중앙선,Guksu,菊 秀,일반역,,,37.516171,127.39940199999999,한국철도공사,경기도 양평군 양서면 국수역길 45,1588-7788,2025-04-08
1215,아신역,I4108,경의중앙선,Asin,我 新,일반역,,,37.513953999999998,127.44323799999999,한국철도공사,경기도 양평군 옥천면 아신역길 1길 23-3,1588-7788,2025-04-08
1216,오빈역,I4108,경의중앙선,Obin,梧濱,일반역,,,37.506061000000003,127.474053,한국철도공사,경기도 양평군 양평읍 덕바위길 58,1588-7788,2025-04-08
1217,양평역,I4108,경의중앙선,Yangpyeong,楊 平,일반역,,,37.492674000000001,127.49185799999999,한국철도공사,경기도 양평군 양평읍 역전길 30,1588-7788,2025-04-08
1218,원덕역,I4108,경의중앙선,Wondeok,元 德,일반역,,,37.468584999999997,127.54746799999999,한국철도공사,경기도 양평군 양평읍 원덕흑천길 138,1588-7788,2025-04-08
1219,용문역,I4108,경의중앙선,Yongmun,龍 門,일반역,,,37.482084999999998,127.594251,한국철도공사,경기도 양평군 용문면 다문리 748-2,1588-7788,2025-04-08
1220,지평역,I4108,경의중앙선,jipyeong,砥平,일반역,,,37.476495999999997,127.62968100000001,한국철도공사,경기도 양평군 지평면 지평역길 32,1588-7788,2025-04-08
1251,서울역(경의선),I4108,경의중앙선,Seoul station,서울(驛),환승역,"S1101, S1104, I28A1","1호선, 4호선, 인천국제공항선, GTX-A",37.556713000000002,126.97138700000001,한국철도공사,서울시 중구 한강대로 405,1588-7788,2025-04-08
1252,신촌역,I4108,경의중앙선,Sinchon,新 村,일반역,,,37.559767999999998,126.942308,한국철도공사,서울특별시 서대문구 신촌역로 30 신촌민자역사,1588-7788,2025-04-08
1261,효창공원앞역,I4108,경의중앙선,hyochang park,孝昌公圓,환승역,S1106,6호선,37.538789000000001,126.962339,한국철도공사,서울시 용산구 용문동 5-157,1588-7788,2025-04-08
1262,공덕역,I4108,경의중앙선,Gongdeok,孔德,환승역,"S1105, S1106, I28A1","수도권 도시철도 5호선, 수도권 도시철도 6호선, 인천국제공항선",37.542710999999997,126.952134,한국철도공사,서울시 마포구 공덕동 마포대로 92,1588-7788,2025-04-08
1263,서강대역,I4108,경의중앙선,Sogang Univ,西江大,일반역,,,37.552132,126.935389,한국철도공사,서울시 마포구 서강로 지하 118,1588-7788,2025-04-08
1264,홍대입구역,I4108,경의중앙선,Hongik Univ.,弘大入口,환승역,"S1102, I28A1","수도권 도시철도 2호선, 인천국제공항선",37.557580000000002,126.926833,한국철도공사,서울시 마포구 양화로 지하 188,1588-7788,2025-04-08
1265,가좌역,I4108,경의중앙선,Gajwa,加 佐,일반역,,,37.568610999999997,126.914841,한국철도공사,서울시 서대문구 수색로 27(남가좌동),1588-7788,2025-04-08
1266,디지털미디어시티역,I4108,경의중앙선,Digital Media City,디지털미디어시티,환승역,"S1106, I28A1","6호선, 인천국제공항선",37.577964000000001,126.90042099999999,한국철도공사,서울시 은평구 수색로 193(수색동 37-2),1588-7788,2025-04-08
1267,수색역,I4108,경의중앙선,Susaek,水 色,일반역,,,37.580855,126.895681,한국철도공사,서울시 은평구 수색로 261-1,1588-7788,2025-04-08
1268,한국항공대,I4108,경의중앙선,Korea Aerospace Univ.,韓國航空大,일반역,,,37.603102,126.868291,한국철도공사,경기도 고양시 덕양구 화랑로 53(화전동 183-10),1588-7788,2025-04-08
1269,강매역,I4108,경의중앙선,Gangmae,江 梅,일반역,,,37.612395999999997,126.844537,한국철도공사,경기도 고양시 덕양구 소원로 202,1588-7788,2025-04-08
1270,행신역,I4108,경의중앙선,Haengsin,幸 信,일반역,,,37.612124999999999,126.834063,한국철도공사,경기도 고양시 덕양구 행신동 충경로 124번지(행신2동 812),1588-7788,2025-04-08
1271,능곡역,I4108,경의중앙선,Neunggok,陵 谷,환승역,I41WS,서해선,37.618741,126.82089000000001,한국철도공사,경기도 고양시 덕양구 토당로 35(토당동 454-3),1588-7788,2025-04-08
1271,능곡역,I41WS,서해선,Neunggok,陵 谷,환승역,I4108,경의중앙선,37.618741,126.8206,한국철도공사,경기도 고양시 덕양구 토당로 35(토당동 454-3),1588-7788,2025-04-08
1272,곡산역,I4108,경의중앙선,Goksan,谷 山,환승역,I41WS,서해선,37.645729000000003,126.801877,한국철도공사,경기도 고양시 일산동구 경의로 160(백석동),1588-7788,2025-04-08
1272,곡산역,I41WS,서해선,Goksan,谷山,환승역,I4108,경의선,37.645729000000003,126.801877,한국철도공사,경기도 고양시 일산동구 경의로 160(백석동),1544-7788,2024-12-31
1273,백마역,I4108,경의중앙선,Baengma,白 馬,환승역,I41WS,서해선,37.658346000000002,126.79440099999999,한국철도공사,경기도 고양시 일산동구 경의로 318(풍동 482-8),1588-7788,2025-04-08
1273,백마역,I41WS,서해선,Baengma,白馬,환승역,I4108,경의선,37.658346000000002,126.79440099999999,한국철도공사,경기도 고양시 일산동구 경의로 318(풍동 482-8),1544-7788,2024-12-31
1274,풍산역,I4108,경의중앙선,Pungsan,楓山,환승역,I41WS,서해선,37.672173000000001,126.786355,한국철도공사,경기도 고양시 일산동구 경의로 486(풍동),1588-7788,2025-04-08
1274,풍산역,I41WS,서해선,Pungsan,楓山,환승역,I4108,경의선,37.672173000000001,126.786355,한국철도공사,경기도 고양시 일산동구 경의로 486(풍동),1544-7788,2024-12-31
1275,일산역,I4108,경의중앙선,Ilsan,一 山,환승역,I41WS,서해선,37.682231000000002,126.769521,한국철도공사,경기도 고양시 일산서구 경의로 672,1588-7788,2025-04-08
1275,일산역,I41WS,서해선,Ilsan,一山,환승역,I4108,경의선,37.682231000000002,126.769521,한국철도공사,경기도 고양시 일산서구 경의로 672,1544-7788,2024-12-31
1276,탄현역,I4108,경의중앙선,Tanhyeon,炭 峴,일반역,,,37.694113999999999,126.76107500000001,한국철도공사,경기도 고양시 일산서구 경의로 856(덕이동),1588-7788,2025-04-08
1277,야당역,I4108,경의중앙선,Yadang,野塘,일반역,,,37.712749000000002,126.76153499999999,한국철도공사,경기도 파주시 소리천로 10,1588-7788,2025-04-08
1278,운정역,I4108,경의중앙선,Unjeong,雲 井,일반역,,,37.725441000000004,126.767076,한국철도공사,경기도 파주시 운정역길 368(야당동 299-4번지),1588-7788,2025-04-08
1279,금릉역,I4108,경의중앙선,Geumneung,金 陵,일반역,,,37.751294999999999,126.765401,한국철도공사,경기도 파주시 금릉역로85,1588-7788,2025-04-08
1280,금촌역,I4108,경의중앙선,Geumchon,金 村,일반역,,,37.766106000000001,126.77451499999999,한국철도공사,경기도 파주시 새꽃로 193,1588-7788,2025-04-08
1282,월롱역,I4108,경의중앙선,Wollong,月 籠,일반역,,,37.796201000000003,126.792574,한국철도공사,경기도 파주시 월롱면 통일로 980,1588-7788,2025-04-08
1283,파주역,I4108,경의중앙선,Paju,坡 州,일반역,,,37.815390999999998,126.79242600000001,한국철도공사,경기도 파주시 파주읍 주라위길 38,1588-7788,2025-04-08
1284,문산역,I4108,경의중앙선,Munsan,文山,일반역,,,37.854565000000001,126.787531,한국철도공사,경기도 파주시 문산읍 문산역로 94,1588-7788,2025-04-08
1285,임진강역,I4108,경의중앙선,Imjingang,臨津江,일반역,,,37.888364000000003,126.74677699999999,한국철도공사,경기도 파주시 문산읍 임진각로 115(문산읍),1588-7788,2025-04-08
1286,운천역,I4108,경의중앙선,Uncheon,雲泉,일반역,,,37.880007999999997,126.769713,한국철도공사,경기도 파주시 문산읍 통일로2033번길3,1588-7788,2025-04-08
1311,신내역,I41K2,경춘선,Sinnae,新 內,환승역,S1106,6호선,37.612855000000003,127.10327700000001,한국철도공사,서울시 중랑구 망우동 320-2,1588-7788,2025-04-08
1312,갈매역,I41K2,경춘선,Galmae,葛 梅,일반역,,,37.634135000000001,127.11480299999999,한국철도공사,경기도 구리시 갈매동 경춘북로 229(갈매동 502-18),1588-7788,2025-04-08
1313,별내역,I41K2,경춘선,Byeollae,別 內,환승역,S1108,수도권 도시철도 8호선,37.642220999999999,127.127208,한국철도공사,경기도 남양주시 경춘북로 375(별내동 182-5),1588-7788,2025-04-08
1314,퇴계원역,I41K2,경춘선,Toegyewon,退溪院,일반역,,,37.648316000000001,127.14385799999999,한국철도공사,경기도 남양주시 퇴계원면 경춘북로 545(퇴계원리 218-8),1588-7788,2025-04-08
1315,사릉역,I41K2,경춘선,Sareung,思 陵,일반역,,,37.651145,127.176839,한국철도공사,경기도 남양주시 진건읍 진건우회로 72-8(사능리 590-2),1588-7788,2025-04-08
1316,금곡역,I41K2,경춘선,Geumgok,金 谷,일반역,,,37.637414,127.207931,한국철도공사,경기도 남양주시 경춘로 903(금곡동 404-276),1588-7788,2025-04-08
1317,평내호평역,I41K2,경춘선,PyeongnaeHopyeong,坪內好坪,일반역,,,37.653229000000003,127.244452,한국철도공사,경기도 남양주시 경춘로 1375(평내동 156),1588-7788,2025-04-08
1318,천마산역,I41K2,경춘선,Cheonmasan,天摩山,일반역,,,37.658994999999997,127.285731,한국철도공사,경기도 남양주시 화도읍 묵현로 25번길 37,1588-7788,2025-04-08
1319,마석역,I41K2,경춘선,Maseok,磨 石,일반역,,,37.652327999999997,127.311713,한국철도공사,경기도 남양주시 화도읍 마석우리 241-4,1588-7788,2025-04-08
1320,대성리역,I41K2,경춘선,Daeseong-ri,大成里,일반역,,,37.683909,127.379165,한국철도공사,경기도 가평군 청평면 경춘로 88(대성리 393),1588-7788,2025-04-08
1321,청평역,I41K2,경춘선,Cheongpyeong,淸 平,일반역,,,37.735484,127.426541,한국철도공사,경기도 가평군 청평면 청평역로 97-33(청평리 125-1),1588-7788,2025-04-08
1322,상천역,I41K2,경춘선,Sangcheon,上 泉,일반역,,,37.770305,127.4542,한국철도공사,경기도 가평군 청평면 상천역로 29(상천리 1261),1588-7788,2025-04-08
1323,가평역,I41K2,경춘선,Gapyeong,加 平,일반역,,,37.814515,127.510693,한국철도공사,경기도 가평군 가평읍 문화로 13-42(달전리 567),1588-7788,2025-04-08
1324,굴봉산역,I41K2,경춘선,Gulbongsan,屈峰山,일반역,,,37.832085999999997,127.557732,한국철도공사,강원도 춘천시 남산면 서백길 192(백양리 588-30),1588-7788,2025-04-08
1325,백양리역,I41K2,경춘선,Baegyang-ri,白楊里,일반역,,,37.830880999999998,127.589085,한국철도공사,강원도 춘천시 남산면 북한강변길 690(강촌리 680-7),1588-7788,2025-04-08
1326,강촌역,I41K2,경춘선,Gangchon,江 村,일반역,,,37.805728000000002,127.63405400000001,한국철도공사,강원도 춘춘시 남산면 강촌로 150(방곡리 409),1588-7788,2025-04-08
1327,김유정역,I41K2,경춘선,Gimyujeong,金裕貞,일반역,,,37.818474999999999,127.714302,한국철도공사,강원도 춘천시 신동면 김유정로 1435(신동면 증리 859-3),1588-7788,2025-04-08
1328,남춘천역,I41K2,경춘선,Namchuncheon,南春川,일반역,,,37.864071000000003,127.723761,한국철도공사,강원도 춘천시 영서로 2260(퇴계동 633-2),1588-7788,2025-04-08
1329,춘천역,I41K2,경춘선,Chuncheon,春 川,일반역,,,37.884391000000001,127.71660300000001,한국철도공사,강원도 춘천시 평화로 1(근화동 190),1588-7788,2025-04-08
1401,봉명역,I4401,장항선,Bongmyeong,鳳鳴,일반역,,,36.801577999999999,127.136319,한국철도공사,충남 천안시 동남구 차돌로 51(봉명동 20-2),1588-7788,2025-04-08
1402,쌍용(나사렛대)역,I4401,장항선,Ssangyong(Korea Nazarene Univ.),雙龍(拿撒勒大),일반역,,,36.793745000000001,127.121363,한국철도공사,충청남도 천안시 서북구 쌍용19로 20  _x000D_,1588-7788,2025-04-08
1403,아산역,I4401,장항선,Asan,牙 山,일반역,,,36.792195,127.104384,한국철도공사,충남 아산시 배방읍 희망로 90(장재리 325-3),1588-7788,2025-04-08
1404,탕정역,I4401,장항선,Tangjeong,湯井,일반역,,,36.788271999999999,127.084446,한국철도공사,충청남도 아산시 탕정면 매곡중앙6로 11,1588-7788,2025-04-08
1405,배방역,I4401,장항선,Baebang,排 芳,일반역,,,36.777540999999999,127.052751,한국철도공사,충남 아산시 배방읍 온천대로 1967,1588-7788,2025-04-08
1407,온양온천역,I4401,장항선,Onyangoncheon,溫陽溫泉,일반역,,,36.780419000000002,127.00370700000001,한국철도공사,충남 아산시 온천대로 1496(온천동 56-9),1588-7788,2025-04-08
1408,신창(순천향대)역,I4401,장항선,Sinchang (Soonchunhyang Univ.),新昌,일반역,,,36.769213000000001,126.950129,한국철도공사,충남 아산시 신창면 행목로 50,1588-7788,2025-04-08
1450,선바위역,I4103,안산과천선,Seonbawi,선바위,일반역,,,37.451853999999997,127.00216399999999,한국철도공사,경기도 과천시 중앙로 440,1588-7788,2025-04-08
1451,경마공원역,I4103,안산과천선,Seoul Racecourse park,競 馬公 園,일반역,,,37.443987,127.00789899999999,한국철도공사,경기도 과천시 경마공원대로 105,1588-7788,2025-04-08
1452,대공원역,I4103,안산과천선,Seoul Grand park,大公園,일반역,,,37.435724,127.006474,한국철도공사,경기도 과천시 대공원로 50,1588-7788,2025-04-08
1453,과천역,I4103,안산과천선,Gwacheon,果 川,일반역,,,37.432805000000002,126.996404,한국철도공사,경기도 과천시 별양로 지하 177,1588-7788,2025-04-08
1454,정부과천청사역,I4103,안산과천선,Government Complex Gwacheon,政府果川廳舍,일반역,,,37.426445000000001,126.989802,한국철도공사,경기도 과천시 중앙로 지하 100,1588-7788,2025-04-08
1455,인덕원역,I4103,안산과천선,Indeogwon,仁德院,일반역,,,37.401901000000002,126.97671800000001,한국철도공사,경기도 안양시 동안구 흥안대로 529,1588-7788,2025-04-08
1456,평촌역,I4103,안산과천선,Pyeongchon,坪 村,일반역,,,37.394345999999999,126.963881,한국철도공사,경기도 안양시 동안구 부림로 지하 123,1588-7788,2025-04-08
1457,범계역,I4103,안산과천선,Beomgye,범계,일반역,,,37.389783000000001,126.95075199999999,한국철도공사,경기도 안양시 동안구 동안로 지하 130,1588-7788,2025-04-08
1501,판교역,I41K5,경강선,Pangyo,板橋,환승역,I11D1,신분당선,37.394798000000002,127.111135,한국철도공사,경기도 성남시 분당구 판교역로 160,1588-7788,2025-04-08
1502,이매역,I41K5,경강선,Imae,二梅,환승역,I4105,분당선,37.394736000000002,127.127048,한국철도공사,경기도 성남시 분당구 성남대로 738,1588-7788,2025-04-08
1503,삼동역,I41K5,경강선,Samdong,三洞,일반역,,,37.408731000000003,127.203447,한국철도공사,경기도 광주시 순암로 451,1588-7788,2025-04-08
1504,경기광주역,I41K5,경강선,GyeonggiGwangju,京畿廣州,일반역,,,37.398974000000003,127.253201,한국철도공사,경기도 광주시 광주역로 10 경기광주역사,1588-7788,2025-04-08
1505,초월역,I41K5,경강선,Chowol,草月,일반역,,,37.373389000000003,127.29999599999999,한국철도공사,경기도 광주시 초월읍 경충대로 1066,1588-7788,2025-04-08
1506,곤지암역,I41K5,경강선,Gonjiam,昆地岩,일반역,,,37.350524999999998,127.346186,한국철도공사,경기도 광주시 곤지암천로 333,1588-7788,2025-04-08
1507,신둔도예촌역,I41K5,경강선,Sindundoyechon,新屯陶藝村,일반역,,,37.315499000000003,127.40525100000001,한국철도공사,경기도 이천시 신둔면 남정로 55,1588-7788,2025-04-08
1508,이천역,I41K5,경강선,Icheon,利川,일반역,,,37.264221999999997,127.44213499999999,한국철도공사,경기도 이천시 이섭대천로 1063,1588-7788,2025-04-08
1509,부발역,I41K5,경강선,Bubal,夫鉢,일반역,,,37.260410999999998,127.490303,한국철도공사,경기도 이천시 부발읍 신아로 87,1588-7788,2025-04-08
1510,세종대왕릉역,I41K5,경강선,Sejongdaewangneung,世宗大王陵,일반역,,,37.293635999999999,127.570764,한국철도공사,경기도 여주시 능서면 양화로 877,1588-7788,2025-04-08
1511,여주역,I41K5,경강선,Yeoju,驪州,일반역,,,37.282881000000003,127.62857099999999,한국철도공사,경기도 여주시 교동로 80(교동 403-1),1588-7788,2025-04-08
1512,성남역,I41K5,경강선,Seongnam,城南,환승역,,GTX-A,37.394708999999999,127.11949,한국철도공사,경기도 성남시 분당구 백현동 545-1,1588-7788,2025-04-08
1701,구로역,I4101,경부선,Guro,九 老,일반역,,,37.503177999999998,126.882037,한국철도공사,서울시 구로구 구로중앙로 174,1588-7788,2025-04-08
1702,가산디지털단지역,I4101,경부선,Gasan Digital Complex,加山디지털團地,환승역,S1107,수도권 도시철도 7호선,37.481568000000003,126.882628,한국철도공사,서울시 금천구 벚꽃로 309,1588-7788,2025-04-08
1703,금천구청역,I4101,경부선,Geumcheon-gu Office,衿川區廳,일반역,,,37.455759999999998,126.894344,한국철도공사,서울시 금천구 시흥대로 63길 91,1588-7788,2025-04-08
1704,석수역,I4101,경부선,Seoksu,石 水,일반역,,,37.435161000000001,126.902233,한국철도공사,경기도 안양시 만안구 경수대로 1431,1588-7788,2025-04-08
1705,관악역,I4101,경부선,Gwanak,冠 岳,일반역,,,37.419578000000001,126.90847599999999,한국철도공사,경기도 안양시 만안구 경수대로 1273번길 46,1588-7788,2025-04-08
1706,안양역,I4101,경부선,Anyang,安 養,일반역,,,37.401929000000003,126.922647,한국철도공사,경기도 안양시 만안구 만안로 232,1588-7788,2025-04-08
1707,명학역,I4101,경부선,Myeonghak,鳴 鶴,일반역,,,37.384435000000003,126.935579,한국철도공사,경기도 안양시 만안구 만안로 20,1588-7788,2025-04-08
1708,금정역,I4101,경부선,Geumjeong,衿 井,환승역,I4103,안산과천선,37.371957000000002,126.943411,한국철도공사,경기도 군포시 군포로 750,1588-7788,2025-04-08
1708,금정역,I4103,안산과천선,Geumjeong,衿 井,환승역,I4101,경부선,37.371957000000002,126.943611,한국철도공사,경기도 군포시 군포로 750,1588-7788,2025-04-08
1709,군포역,I4101,경부선,Gunpo,軍 浦,일반역,,,37.353732000000001,126.948517,한국철도공사,경기도 군포시 군포역1길 27,1588-7788,2025-04-08
1710,의왕역,I4101,경부선,Uiwang,義 王,일반역,,,37.320647999999998,126.948099,한국철도공사,경기도 의왕시 철도박물관로 66(삼동),1588-7788,2025-04-08
1711,성균관대역,I4101,경부선,Sungkyunkwan Univ.,成 均 館 大,일반역,,,37.300344000000003,126.970861,한국철도공사,경기도 수원시 장안구 서부로 2149,1588-7788,2025-04-08
1712,화서역,I4101,경부선,Hwaseo,華 西,일반역,,,37.283990000000003,126.989581,한국철도공사,경기도 수원시 팔달구 덕영대로 692,1588-7788,2025-04-08
1713,수원역,I4101,경부선,Suwon,水 原,환승역,I28K1,수인선,37.266162000000001,126.999821,한국철도공사,경기도 수원시 팔달구 덕영대로 924,1588-7788,2025-04-08
1714,독산역,I4101,경부선,Doksan,禿 山,일반역,,,37.465994000000002,126.88950800000001,한국철도공사,서울시 금천구 벚꽃로 115,1588-7788,2025-04-08
1715,세류역,I4101,경부선,Seryu,細 柳,일반역,,,37.244101999999998,127.013772,한국철도공사,경기도 수원시 권선구 정조로 393-1,1588-7788,2025-04-08
1716,병점역,I4101,경부선,Byeongjeom,餠 店,일반역,,,37.206820999999998,127.03326800000001,한국철도공사,경기도 화성시 떡전골로 97,1588-7788,2025-04-08
1717,세마역,I4101,경부선,Sema,洗 馬,일반역,,,37.187288000000002,127.043279,한국철도공사,경기도 오산시 세마역로 88,1588-7788,2025-04-08
1718,오산대역,I4101,경부선,Osan College,烏山大,일반역,,,37.169401000000001,127.063081,한국철도공사,경기도 오산시 청학로 236,1588-7788,2025-04-08
1719,오산역,I4101,경부선,Osan,烏 山,일반역,,,37.145471999999998,127.06670800000001,한국철도공사,경기도 오산시 오산동 역광장로 59,1588-7788,2025-04-08
1720,진위역,I4101,경부선,Jinwi,振 威,일반역,,,37.109771000000002,127.062342,한국철도공사,경기도 평택시 경기대로 1855,1588-7788,2025-04-08
1721,송탄역,I4101,경부선,Songtan,松 炭,일반역,,,37.075375999999999,127.05439699999999,한국철도공사,경기도 평택시 신장동 송탄공원로 43,1588-7788,2025-04-08
1722,서정리역,I4101,경부선,Seojeong-ri,西井里,일반역,,,37.056458999999997,127.05284399999999,한국철도공사,경기도 평택시 탄현로 51,1588-7788,2025-04-08
1723,평택지제역,I4101,경부선,PyeongtaekJije,平澤芝制,일반역,,,37.018822,127.070269,한국철도공사,경기도 평택시 경기대로 777,1588-7788,2025-04-08
1724,평택역,I4101,경부선,Pyeongtaek,平 澤,일반역,,,36.990558999999998,127.08549600000001,한국철도공사,경기도 평택시 평택로 51,1588-7788,2025-04-08
1725,성환역,I4101,경부선,Seonghwan,成 歡,일반역,,,36.915781000000003,127.12700700000001,한국철도공사,충남 천안시 서북구 성환읍 성환1로 237-5(성환리 449-128),1588-7788,2025-04-08
1726,직산역,I4101,경부선,Jiksan,稷 山,일반역,,,36.870921000000003,127.14377399999999,한국철도공사,충남 천안시 서북구 직산읍 천안대로 1471-33,1588-7788,2025-04-08
1727,두정역,I4101,경부선,Dujeong,斗 井,일반역,,,36.833790999999998,127.148905,한국철도공사,충남 천안시 서북구 두정로 289(두정동 84-1),1588-7788,2025-04-08
1728,천안역,I4401,경부선,Cheonan,天 安,일반역,,,36.810237999999998,127.146417,한국철도공사,충남 천안시 동남구 대흥로 239(대흥동 57-1),1588-7788,2025-04-08
1729,당정역,I4101,경부선,Dangjeong,當井,일반역,,,37.343380000000003,126.94838799999999,한국철도공사,경기도 군포시 당정역로 91,1588-7788,2025-04-08
1749,서동탄역,I4101,경부선,Seodongtan,西東灘,일반역,,,37.195675000000001,127.05189300000001,한국철도공사,경기도 오산시 외삼미로 15번길 75-60,1588-7788,2025-04-08
1750,광명역,I4101,경부선,Gwangmyeong,光 明,일반역,,,37.415995000000002,126.884523,한국철도공사,경기도 광명시 광명역로 21,1588-7788,2025-04-08
1751,산본역,I4103,안산과천선,Sanbon,山 本,일반역,,,37.358018999999999,126.932969,한국철도공사,경기도 군포시 번영로 504,1588-7788,2025-04-08
1752,대야미역,I4103,안산과천선,Daeyami,大夜味,일반역,,,37.328304000000003,126.91716099999999,한국철도공사,경기도 군포시 대야1로 28,1588-7788,2025-04-08
1753,반월역,I4103,안산과천선,Banwol,半 月,일반역,,,37.312244,126.903684,한국철도공사,경기도 안산시 상록구 건건로 119-10,1588-7788,2025-04-08
1754,상록수역,I4103,안산과천선,Sangnoksu,常綠樹,일반역,,,37.302844999999998,126.866533,한국철도공사,경기도 안산시 상록구 상록수로 61,1588-7788,2025-04-08
1755,한대앞역,I28K1,수인선,Hangyang Univ. at Ansan,漢大앞,환승역,I4103,안산과천선,37.309984999999998,126.853506,한국철도공사,경기도 안산시 상록구 충장로 337,1588-7788,2025-04-08
1755,한대앞역,I4103,안산과천선,Hanyang Univ. at Ansan,漢大앞,환승역,I28K1,수인선,37.309685000000002,126.853656,한국철도공사,경기도 안산시 상록구 충장로 337,1588-7788,2025-04-08
1756,중앙역,I28K1,수인선,Jungang,中央,환승역,I4103,안산과천선,37.316054999999999,126.838532,한국철도공사,경기도 안산시 단원구 중앙대로 918,1588-7788,2025-04-08
1756,중앙역,I4103,안산과천선,Jungang,中 央,환승역,I28K1,수인선,37.316054999999999,126.838532,한국철도공사,경기도 안산시 단원구 중앙대로 918,1588-7788,2025-04-08
1757,고잔역,I28K1,수인선,Gojan,古棧,환승역,I4103,안산과천선,37.316820999999997,126.823094,한국철도공사,경기도 안산시 단원구 중앙대로 784 ,1588-7788,2025-04-08
1757,고잔역,I4103,안산과천선,Gojan,古 棧,환승역,I28K1,수인선,37.316820999999997,126.823094,한국철도공사,경기도 안산시 단원구 중앙대로 784,1588-7788,2025-04-08
1758,초지역,I28K1,수인선,Choji,草芝,환승역,"I4103, I41WS","안산과천선, 서해선",37.320582999999999,126.806151,한국철도공사,경기도 안산시 단원구 중앙대로 620,1588-7788,2025-04-08
1758,초지역,I4103,안산과천선,Choji,草芝,환승역,"I28K1, I41WS","수인선, 서해선",37.320582999999999,126.806151,한국철도공사,경기도 안산시 단원구 중앙대로 620,1588-7788,2025-04-08
1759,안산역,I28K1,수인선,Ansan,安山,환승역,I4103,안산과천선,37.327005999999997,126.788748,한국철도공사,경기도 안산시 단원구 중앙대로 462,1588-7788,2025-04-08
1759,안산역,I4103,안산과천선,Ansan,安 山,환승역,I28K1,수인선,37.327005999999997,126.788748,한국철도공사,경기도 안산시 단원구 중앙대로 462,1588-7788,2025-04-08
1760,능길역,I28K1,수인선,Neunggil,陵道,환승역,I4103,안산과천선,37.337488,126.767306,한국철도공사,경기도 안산시 단원구 황고개로 2,1588-7788,2025-04-08
1760,능길역,I4103,안산과천선,Neunggil,陵道,환승역,I28K1,수인선,37.337488,126.767306,한국철도공사,경기도 안산시 단원구 황고개로 2,1588-7788,2025-04-08
1761,정왕역,I28K1,수인선,Jeongwang,正往,환승역,I4103,안산과천선,37.351815999999999,126.74284400000001,한국철도공사,경기도 시흥시 마유로 418길 15,1588-7788,2025-04-08
1761,정왕역,I4103,안산과천선,Jeongwang,正 往,환승역,I28K1,수인선,37.351815999999999,126.74284400000001,한국철도공사,경기도 시흥시 마유로 418길 15,1588-7788,2025-04-08
1762,오이도역,I28K1,수인선,Oido,烏耳島,환승역,I4103,안산과천선,37.361772999999999,126.738437,한국철도공사,경기도 시흥시 역전로 430,1588-7788,2025-04-08
1762,오이도역,I4103,안산과천선,Oido,烏耳島,환승역,I28K1,수인선,37.361772999999999,126.738437,한국철도공사,경기도 시흥시 역전로 430,1588-7788,2025-04-08
1763,수리산역,I4103,안산과천선,Surisan,修理山,일반역,,,37.350296999999998,126.92553700000001,한국철도공사,경기도 군포시 번영로 385,1588-7788,2025-04-08
1801,개봉역,I1101,경인선,Gaebong,開峰,일반역,,,37.494698,126.858504,한국철도공사,서울시 구로구 경인로 40길 47,1588-7788,2025-04-08
1802,오류동역,I1101,경인선,Oryu-dong,梧柳洞,일반역,,,37.494399999999999,126.844551,한국철도공사,서울시 구로구 경인로 20길 13,1588-7788,2025-04-08
1803,역곡역,I1101,경인선,Yeokgok,驛 谷,일반역,,,37.485140000000001,126.811622,한국철도공사,경기도 부천시 원미구 역곡로 1(역곡동),1588-7788,2025-04-08
1804,부천역,I1101,경인선,Bucheon,富 川,일반역,,,37.484065999999999,126.782779,한국철도공사,경기도 부천시 소사구 부천로 1,1588-7788,2025-04-08
1805,송내역,I1101,경인선,Songnae,松 內,일반역,,,37.487625999999999,126.753045,한국철도공사,경기도 부천시 소사구 송내대로 43,1588-7788,2025-04-08
1806,부평역,I1101,경인선,Bupyeong,富 平,환승역,S2801,인천지하철 1호선,37.489457000000002,126.72458399999999,한국철도공사,인천시 부평구 광장로 16,1588-7788,2025-04-08
1807,백운역,I1101,경인선,Baegun,白 雲,일반역,,,37.483300999999997,126.707179,한국철도공사,인천시 부평구 마장로 55번길 14,1588-7788,2025-04-08
1808,동암역,I1101,경인선,Dongam,銅 岩,일반역,,,37.470835000000001,126.70301600000001,한국철도공사,인천시 부평구 동암광장로 10,1588-7788,2025-04-08
1809,주안역,I1101,경인선,Juan,朱 安,환승역,S2802,인천지하철 2호선,37.465040999999999,126.680702,한국철도공사,인천시 남구 주안로 95-19,1588-7788,2025-04-08
1809,주안역,I1101,경인선,Juan,朱 安,환승역,S2802,인천지하철 2호선,37.465040999999999,126.680702,한국철도공사,인천시 남구 주안로 95-19,1588-7788,46022
1810,제물포역,I1101,경인선,Jemulpo,濟物浦,일반역,,,37.466808999999998,126.65716500000001,한국철도공사,인천시 남구 경인로 129,1588-7788,2025-04-08
1811,동인천역,I1101,경인선,Dongincheon,東仁川,일반역,,,37.475414000000001,126.632598,한국철도공사,인천시 중구 참외전로 119,1588-7788,2025-04-08
1812,인천역,I1101,경인선,Incheon,仁 川,환승역,I28K1,수인선,37.476363999999997,126.616936,한국철도공사,인천시 중구 제물량로 269,1588-7788,2025-04-08
1813,구일역,I1101,경인선,Guil,九 一,일반역,,,37.495972999999999,126.869201,한국철도공사,서울시 구로구 구일로 133,1588-7788,2025-04-08
1815,부개역,I1101,경인선,Bugae,富 開,일반역,,,37.488478999999998,126.740549,한국철도공사,인천시 부평구 수변로 22,1588-7788,2025-04-08
1816,간석역,I1101,경인선,Ganseok,間 石,일반역,,,37.464689,126.69340800000001,한국철도공사,인천시 남동구 석정로 522-14,1588-7788,2025-04-08
1817,도원역,I1101,경인선,Dowon,桃 源,일반역,,,37.468603999999999,126.642824,한국철도공사,인천시 동구 참외전로 245,1588-7788,2025-04-08
1821,온수역,I1101,경인선,Onsu,溫 水,환승역,S1107,수도권 도시철도 7호선,37.492266999999998,126.82339899999999,한국철도공사,서울시 구로구 부일로 872,1588-7788,2025-04-08
1822,중동역,I1101,경인선,Jung-dong,中 洞,일반역,,,37.486663999999998,126.76447400000001,한국철도공사,경기도 부천시 소사구 중동로 73,1588-7788,2025-04-08
1823,도화역,I1101,경인선,Dohwa,道 禾,일반역,,,37.466154000000003,126.66846,한국철도공사,인천시 남구 숙골로 24번길 9,1588-7788,2025-04-08
1846,수원역(분당),I4105,분당선,Suwon,水 原,환승역,I4101,경부선,37.266162000000001,127.00008200000001,한국철도공사,경기도 수원시 팔달구 덕영대로 944,1588-7788,2025-04-08
1847,서울숲역,I4105,분당선,Seoul-forest,서울숲,일반역,,,37.543647,127.044686,한국철도공사,서울시 성동구 왕십리로 지하 77,1588-7788,2025-04-08
1848,압구정로데오역,I4105,분당선,Apgujeongrodeo,押鷗亭로데오,일반역,,,37.527385000000002,127.040555,한국철도공사,서울시 강남구 압구정동 495(강남구 압구정로 지하 402),1588-7788,2025-04-08
1849,강남구청역,I4105,분당선,Gangnam-Gu Office,江南區廳,환승역,S1107,수도권 도시철도 7호선,37.516571999999996,127.04157499999999,한국철도공사,서울시 강남구 학동로 지하 364,1588-7788,2025-04-08
1850,선정릉역,I4105,분당선,Seonjeongneung,宣?陵,환승역,S1109,서울 도시철도 9호선,37.510775000000002,127.043717,한국철도공사,서울시 강남구 선릉로 지하 580(삼성동),1588-7788,2025-04-08
1851,가천대역,I4105,분당선,Gachon Univ.,嘉泉大,일반역,,,37.448784000000003,127.126677,한국철도공사,경기도 성남시 수정구 성남대로 1332,1588-7788,2025-04-08
1852,태평역,I4105,분당선,Taepyeong,太 平,일반역,,,37.439841999999999,127.127746,한국철도공사,경기도 성남시 수정구 성남대로 지하 1229번지,1588-7788,2025-04-08
1853,모란역,I4105,분당선,Moran,牡 丹,환승역,S1108,수도권 도시철도 8호선,37.432124000000002,127.129064,한국철도공사,경기도 성남시 중원구 성남대로 지하 1147(성남동 1575),1588-7788,2025-04-08
1854,야탑역,I4105,분당선,Yatap,野 塔,일반역,,,37.411320000000003,127.12866099999999,한국철도공사,경기도 성남시 성남대로 지하 903(야탑동 688-1),1588-7788,2025-04-08
1855,서현역,I4105,분당선,Seohyeon,書 峴,일반역,,,37.384931000000002,127.123249,한국철도공사,경기도 성남시 분당구 성남대로 지하 601,1588-7788,2025-04-08
1856,수내역,I4105,분당선,Sunae,藪 內,일반역,,,37.378435000000003,127.114216,한국철도공사,경기도 성남시 분당구 성남대로 지하 491(수내동),1588-7788,2025-04-08
1857,정자역,I4105,분당선,Jeongja,亭 子,환승역,I11D1,신분당선,37.366036999999999,127.108091,한국철도공사,경기도 성남시 분당구 성남대로 지하 333(정자동),1588-7788,2025-04-08
1858,미금역,I4105,분당선,Migeum,美 金,환승역,I11D1,신분당선,37.350078000000003,127.108952,한국철도공사,경기도 성남시 수정구 성남대로 지하 156,1588-7788,2025-04-08
1859,오리역,I4105,분당선,Ori,梧 里,일반역,,,37.339832000000001,127.108985,한국철도공사,경기도 성남시 분당구 성남대로 지하 55(구미동 795),1588-7788,2025-04-08
1860,이매역,I4105,분당선,Imae,二 梅,환승역,I41K5,경강선,37.395845999999999,127.128272,한국철도공사,경기도 성남시 성남대로 지하 738,1588-7788,2025-04-08
1861,보정역,I4105,분당선,Bojeong,寶 亭,일반역,,,37.312739999999998,127.10821900000001,한국철도공사,경기도 용인시 기흥구 용구대로 2560  _x000D_,1588-7788,2025-04-08
1862,죽전역,I4105,분당선,Jukjeon,竹 田,일반역,,,37.324575000000003,127.10738499999999,한국철도공사,경기도 용인시 수지구 포은대로 530(죽전동 1014),1588-7788,2025-04-08
1863,구성역,I4105,분당선,Guseong,駒 城,환승역,,GTX-A,37.299013000000002,127.105664,한국철도공사,경기도 용인시 기흥구 용구대로 2403,1588-7788,2025-04-08
1864,신갈역,I4105,분당선,Singal,新 葛,일반역,,,37.286127,127.111311,한국철도공사,경기도 용인시 기흥구 기흥로 136,1588-7788,2025-04-08
1865,기흥역,I4105,분당선,Giheung,器 興,환승역,L41E1,수도권 경량도시철도 에버라인,37.275657000000002,127.115944,한국철도공사,경기도 용인시 중부대로 460,1588-7788,2025-04-08
1866,상갈역,I4105,분당선,Sanggal,上 葛,일반역,,,37.261797000000001,127.108718,한국철도공사,경기도 용인시 기흥구 금화로 지하 40,1588-7788,2025-04-08
1867,청명역,I4105,분당선,Cheongmyeong,淸 明,일반역,,,37.259484999999998,127.078945,한국철도공사,경기도 수원시 영통구 봉영로 지하 1670,1588-7788,2025-04-08
1868,영통역,I4105,분당선,Yeongtong,靈 通,일반역,,,37.251520999999997,127.071341,한국철도공사,경기도 수원시 영통구 봉영로 지하 1560,1588-7788,2025-04-08
1869,망포역,I4105,분당선,Mangpo,網 浦,일반역,,,37.245792999999999,127.057367,한국철도공사,경기도 수원시 영통구 봉영로 지하 1520,1588-7788,2025-04-08
1870,매탄권선역,I4105,분당선,Maetan Gwonseon,梅灘勸善,일반역,,,37.252457999999997,127.040824,한국철도공사,경기도 수원시 영통구 권선로 841,1588-7788,2025-04-08
1871,수원시청역,I4105,분당선,Suwon City Hall,水原市廳,일반역,,,37.261941,127.030736,한국철도공사,경기도 수원시 권선구 효원로 270,1588-7788,2025-04-08
1872,매교역,I4105,분당선,Maegyo,梅橋,일반역,,,37.265501999999998,127.015657,한국철도공사,경기도 수원시 팔달구 효원로 126,1588-7788,2025-04-08
1873,고색역,I28K1,수인선,Gosaek,古索,일반역,,,37.249828999999998,126.9805899,한국철도공사,경기도 수원시 권선구 매송고색로 지하690(고색동),1588-7788,2025-04-08
1874,오목천역,I28K1,수인선,Omokcheon,梧木川,일반역,,,37.243011000000003,126.9636354,한국철도공사,경기도 수원시 권선구 삼천병마로 1576(오목천동),1588-7788,2025-04-08
1875,어천역,I28K1,수인선,Eocheon,漁川,일반역,,,37.250076,126.908805,한국철도공사,경기도 화성시 매송면 화성로 2227-5(어천리),1588-7788,2025-04-08
1876,야목역,I28K1,수인선,Yamok,野牧,일반역,,,37.261211000000003,126.884029,한국철도공사,경기도 화성시 매송면 본오매송로 286(야목리),1588-7788,2025-04-08
1877,사리역,I28K1,수인선,Sari,四理,일반역,,,37.290809000000003,126.85717200000001,한국철도공사,경기도 안산시 상록구 충장로 103(사동),1588-7788,2025-04-08
1878,달월역,I28K1,수인선,Darwol,達月,일반역,,,37.379992999999999,126.745431,한국철도공사,경기도 시흥시 서해안로 736번길 55(월곶동),1588-7788,2025-04-08
1879,월곶역,I28K1,수인선,Wolgot,月串,일반역,,,37.391889999999997,126.742741,한국철도공사,경기도 시흥시 월곶중앙로 14번길 56,1588-7788,2025-04-08
1880,소래포구역,I28K1,수인선,Soraepogu,蘇萊浦口,일반역,,,37.400962999999997,126.73353299999999,한국철도공사,인천시 남동구 소래역로 51,1588-7788,2025-04-08
1881,인천논현역,I28K1,수인선,Incheon Nonhyeon,仁川論峴,일반역,,,37.400641,126.722495,한국철도공사,인천시 남동구 청능대로 567,1588-7788,2025-04-08
1882,호구포역,I28K1,수인선,Hogupo,虎口浦,일반역,,,37.401622000000003,126.708682,한국철도공사,인천시 남동구 호구포로 205,1588-7788,2025-04-08
1883,남동인더스파크역,I28K1,수인선,Namdong Induspark,南洞産業團地,일반역,,,37.407668000000001,126.69561299999999,한국철도공사,인천시 남동구 은청로 17,1588-7788,2025-04-08
1884,원인재역,I28K1,수인선,Woninjae,源仁齋,환승역,S2801,인천지하철 1호선,37.412920999999997,126.68695200000001,한국철도공사,인천시 연수구 벚꽃로 195,1588-7788,2025-04-08
1885,연수역,I28K1,수인선,Yeonsu,延壽,일반역,,,37.417769,126.678991,한국철도공사,인천시 연수구 벚꽃로 115,1588-7788,2025-04-08
1886,송도역,I28K1,수인선,Songdo,松島,일반역,,,37.429713999999997,126.65448600000001,한국철도공사,인천시 연수구 비류대로 175(옥련동),1588-7788,2025-04-08
1888,인하대역,I28K1,수인선,Inha Univ.,仁荷大,일반역,,,37.448191000000001,126.649832,한국철도공사,인천시 남구 용현동 294-3,1588-7788,2025-04-08
1889,숭의역,I28K1,수인선,Sungui,崇 義,일반역,,,37.460890999999997,126.638035,한국철도공사,인천시 남구 인주대로 지하6,1588-7788,2025-04-08
1890,신포역,I28K1,수인선,Sinpo,新 浦,일반역,,,37.468442000000003,126.624509,한국철도공사,인천시 중구 우현로 지하 3,1588-7788,2025-04-08
1891,인천역,I28K1,수인선,Incheon,仁川,환승역,I1101,경인선,37.476363999999997,126.6174236,한국철도공사,인천시 중구 제물량로 269,1588-7788,2025-04-08
1901,방학역,I4102,경원선,Banghak,放 鶴,일반역,,,37.667470999999999,127.04429500000001,한국철도공사,서울시 도봉구 도봉로 150다길 3,1588-7788,2025-04-08
1902,도봉역,I4102,경원선,Dobong,道 峰,일반역,,,37.679440999999997,127.04552099999999,한국철도공사,서울시 도봉구 도봉로 170길 2,1588-7788,2025-04-08
1903,도봉산역,I4102,경원선,Dobongsan,道峰山,환승역,S1107,수도권 도시철도 7호선,37.689602999999998,127.046047,한국철도공사,서울시 도봉구 도봉로 964-33,1588-7788,2025-04-08
1904,망월사역,I4102,경원선,Mangwolsa,望月寺,일반역,,,37.710498999999999,127.047361,한국철도공사,경기도 의정부시 평화로 221,1588-7788,2025-04-08
1905,회룡역,I4102,경원선,Hoeryong,回 龍,환승역,L41U1,의정부,37.724037000000003,127.047319,한국철도공사,경기도 의정부시 평화로 363,1588-7788,2025-04-08
1906,의정부역,I4102,경원선,Uijeongbu,議政府,일반역,,,37.738729999999997,127.045891,한국철도공사,경기도 의정부시 평화로 525,1588-7788,2025-04-08
1907,가능역,I4102,경원선,Ganeung,佳 陵,일반역,,,37.748362,127.044251,한국철도공사,경기도 의정부시 평화로 633,1588-7788,2025-04-08
1908,녹양역,I4102,경원선,Nogyang,綠 楊,일반역,,,37.759416000000002,127.042272,한국철도공사,경기도 의정부시 평화로 757(녹양동 973),1588-7788,2025-04-08
1909,양주역,I4102,경원선,Yangju,楊州,일반역,,,37.774281000000002,127.044719,한국철도공사,경기도 양주시 평화로 919(남방동 94-1),1588-7788,2025-04-08
1910,덕계역,I4102,경원선,Deokgye,德溪,일반역,,,37.818761000000002,127.056676,한국철도공사,경기도 양주시 고덕로 139번길 317,1588-7788,2025-04-08
1911,덕정역,I4102,경원선,Deokjeong,德亭,일반역,,,37.843215999999998,127.061511,한국철도공사,경기도 양주시 화합로 1356,1588-7788,2025-04-08
1912,지행역,I4102,경원선,Jihaeng,紙杏,일반역,,,37.892361000000001,127.055734,한국철도공사,경기도 동두천시 평화로 2285(지행동),1588-7788,2025-04-08
1913,동두천중앙역,I4102,경원선,Dongducheon jungang,東豆川中央,일반역,,,37.901817999999999,127.056528,한국철도공사,경기도 동두천시 동두천로 228(생연동 682),1588-7788,2025-04-08
1914,보산역,I4102,경원선,Bosan,保 山,일반역,,,37.914268,127.057134,한국철도공사,경기도 동두천시 평화로 2539(보산동),1588-7788,2025-04-08
1915,동두천역,I4102,경원선,Dongducheon,東豆川,일반역,,,37.927568999999998,127.05482499999999,한국철도공사,경기도 동두천시 평화로 2687(동두천동 245-210),1588-7788,2025-04-08
1916,소요산역,I4102,경원선,Soyosan,逍遙山,일반역,,,37.948608,127.061007,한국철도공사,경기도 동두천시 평화로 2925(상봉암동 126),1588-7788,2025-04-08
1917,청산역,I4102,경원선,Cheongsan,靑山,일반역,,,37.995137999999997,127.07409699999999,한국철도공사,경기도 연천군 청산면 초성리 170-1,1588-7788,2025-04-08
1918,전곡역,I4102,경원선,Jeongok,全谷,일반역,,,38.024040999999997,127.071913,한국철도공사,경기도 연천군 전곡읍 전곡역로 75(전곡리),1588-7788,2025-04-08
1919,연천역,I4102,경원선,Yeoncheon,蓮川,일반역,,,38.100484999999999,127.07368,한국철도공사,경기도 연천군 연천읍 연천로 273-7(차탄리),1588-7788,2025-04-08
1948,원흥역,I4106,일산선,Wonheung,元興,일반역,,,37.650708999999999,126.873239,한국철도공사,"경기도 고양시 덕양구 권율대로 681 (원흥동, 원흥역) 원흥역",1588-7788,2025-04-08
1949,지축역,I4106,일산선,Jichuk,紙杻,일반역,,,37.648114,126.913746,한국철도공사,경기도 고양시 덕양구 삼송로 300(지축동),1544-7788,46022
1950,삼송역,I4106,일산선,Samsong,三 松,일반역,,,37.653095999999998,126.89555900000001,한국철도공사,경기도 고양시 덕양구 삼송로 194,1588-7788,2025-04-08
1951,원당역,I4106,일산선,Wondang,元 堂,일반역,,,37.653103000000002,126.84289099999999,한국철도공사,경기도 고양시 덕양구 덕양대로 1429(성사1동 4100-7),1588-7788,2025-04-08
1952,화정역,I4106,일산선,Hwajeong,花 井,일반역,,,37.634708000000003,126.832503,한국철도공사,경기도 고양시 덕양구 화정로 60 화정역,1588-7788,2025-04-08
1953,대곡역,I4108,경의중앙선,Daegok,大 谷,환승역,"I4106, I41WS","일산선, 서해선, GTX-A",37.631628999999997,126.810225,한국철도공사,경기도 고양시 덕양구 대주로 107번길 71-81(대장동 420-1),1588-7788,2025-04-08
1953,대곡역,I41WS,서해선,Daegok,大 谷,환승역,"I4106, I4108","일산선, 경의선, GTX-A",37.631628999999997,126.809802,한국철도공사,경기도 고양시 덕양구 대주로 107번길 71-81(대장동 420-1),1588-7788,2025-04-08
1953,대곡역,I4106,일산선,Daegok,大 谷,환승역,"I4108, I41WS","경의선, 서해선, GTX-A",37.631628999999997,126.811025,한국철도공사,경기도 고양시 덕양구 대주로 107번길 71-81(대장동 420-1),1588-7788,2025-04-08
1954,백석역,I4106,일산선,Baekseok,白 石,일반역,,,37.642972999999998,126.78810900000001,한국철도공사,경기도 고양시 일산동구 중앙로 1042,1588-7788,2025-04-08
1955,마두역,I4106,일산선,Madu,馬 頭,일반역,,,37.652185000000003,126.777641,한국철도공사,경기도 고양시 일산동구 중앙로 지하 1180(마두동),1588-7788,2025-04-08
1956,정발산역,I4106,일산선,Jeongbalsan,鼎鉢山,일반역,,,37.659708999999999,126.77325399999999,한국철도공사,경기도 고양시 일산동구 마두 1동 1123(일산동구 중앙로 1270),1588-7788,2025-04-08
1957,주엽역,I4106,일산선,Juyeop,注 葉,일반역,,,37.670138000000001,126.76123200000001,한국철도공사,경기도 고양시 일산서구 중앙로 1432(주엽동 166-7),1588-7788,2025-04-08
1958,대화역,I4106,일산선,Daehwa,大 化,일반역,,,37.675882999999999,126.747756,한국철도공사,경기도 고양시 일산서구 중앙로 1569(대화동 2221),1588-7788,2025-04-08
1980,김포공항역,I41WS,서해선,Gimpo Int'l Airport,金浦空港,환승역,"S1105, S1109, I28A1, L41G1","5호선, 서울 도시철도 9호선, 인천국제공항선, 김포도시철도",37.562117899999997,126.804056,한국철도공사,서울특별시 강서구 하늘길 지하 77,1588-7788,2025-04-08
1981,원종역,I41WS,서해선,Wonjong,遠宗,일반역,,,37.524062800000003,126.8048386,한국철도공사,경기도 부천시 원종동 404,1588-7788,2025-04-08
1982,부천종합운동장역,I41WS,서해선,Bucheon Stadium,富川綜合運動場,환승역,S1107,수도권 도시철도 7호선,37.505851999999997,126.797498,한국철도공사,경기도 부천시 길주로 지하 502,1588-7788,2025-04-08
4804,소사역,I1101,경인선,Sosa,素 砂,환승역,I41WS,서해선,37.482754999999997,126.795654,한국철도공사,경기도 부천시 소사구 경인로 363,1588-7788,2025-04-08
4804,소사역,I41WS,서해선,Sosa,素 砂,환승역,I1101,경인선,37.482754999999997,126.7950654,한국철도공사,경기도 부천시 소사구 경인로 363,1588-7788,2025-04-08
4805,소새울역,I41WS,서해선,Sosaeul,소새울,일반역,,,37.468504600000003,126.797228,한국철도공사,경기도 부천시 소사로 지하 284,1588-7788,2025-04-08
4806,시흥대야역,I41WS,서해선,Siheung Daeya,始興大也,일반역,,,37.450478699999998,126.793142,한국철도공사,경기도 부천시 소사로 지하 120,1588-7788,2025-04-08
4807,신천역,I41WS,서해선,Sincheon,新川,일반역,,,37.439114699999998,126.786835,한국철도공사,경기도 시흥시 서해안로 지하 1670,1588-7788,2025-04-08
4808,신현역,I41WS,서해선,Sinhyeon,新峴,일반역,,,37.4091399,126.78788,한국철도공사,경기도 시승시 신현로 12번길 지하 2-10,1588-7788,2025-04-08
4809,시흥시청역,I41WS,서해선,Siheung City Hall,始興市廳,일반역,,,37.381410899999999,126.80594600000001,한국철도공사,경기도 시흥시 시흥대로 지하 467,1588-7788,2025-04-08
4810,시흥능곡역,I41WS,서해선,Siheung Neunggok,始興陵谷,일반역,,,37.369990299999998,126.808594,한국철도공사,경기도 시흥시 시흥대로 지하 327,1588-7788,2025-04-08
4811,달미역,I41WS,서해선,Dalmi,달미,일반역,,,37.3490003,126.809318,한국철도공사,경기도 안산시 단원구 순환로 지하 160,1588-7788,2025-04-08
4812,선부역,I41WS,서해선,Seonbu,仙府,일반역,,,37.334589999999999,126.81,한국철도공사,경기도 안산시 단원구 선부광장로 34,1588-7788,2025-04-08
4813,초지역,I41WS,서해선,Choji,草芝,환승역,"I28K1, I4103","수인선, 안산과천선",37.320082999999997,126.80805100000001,한국철도공사,경기도 안산시 단원구 중앙대로 620,1588-7788,2025-04-08
4814,시우역,I41WS,서해선,Siu,時雨,일반역,,,37.313096700000003,126.795503,한국철도공사,경기도 안산시 단원구 동산로 지하 50,1588-7788,2025-04-08
4815,원시역,I41WS,서해선,Wonsi,元詩,일반역,,,37.302653999999997,126.7867897,한국철도공사,경기도 안산시 단원구 선단로 지하 70,1588-7788,2025-04-08
7001,구미역,I27K7,대경선,Gumi,龜 尾,일반역,,,36.128278000000002,128.33107100000001,한국철도공사,경북 구미시 구미중앙로 76,1588-7788,2025-04-08
7002,사곡역,I27K7,대경선,Sagok,沙 谷,일반역,,,36.098508000000002,128.356416,한국철도공사,경북 구미시 상사서로 173-16,1588-7788,2025-04-08
7003,북삼역,I27K7,대경선,Buksam,北 三,일반역,,,36.056032647986598,128.34527800000001,한국철도공사,경북 칠곡군 북삼읍 율리 847,1588-7788,46081
7004,왜관역,I27K7,대경선,Waegwan,倭 館,일반역,,,35.991821000000002,128.40039100000001,한국철도공사,경북 칠곡군 왜관읍 중앙로8길 10,1588-7788,2025-04-08
7005,서대구역,I27K7,대경선,Seodaegu,西大邱,일반역,,,35.881734000000002,128.540121,한국철도공사,대구 서구 와룡로 527,1588-7788,2025-04-08
7006,대구역,I27K7,대경선,Daegu,大 邱,환승역,S2701,대구도시철도 1호선,35.875999999999998,128.59610000000001,한국철도공사,대구 북구 태평로 161,1588-7788,2025-04-08
7007,동대구역,I27K7,대경선,Dongdaegu,東大邱,환승역,S2701,대구도시철도 1호선,35.879376000000001,128.62880699999999,한국철도공사,대구 동구 동대구로 550,1588-7788,2025-04-08
7008,경산역,I27K7,대경선,Gyeongsan,慶 山,일반역,,,35.819200000000002,128.7276,한국철도공사,경북 경산시 중앙로1,1588-7788,2025-04-08
8001,부전역,I26K6,동해선,Bujeon,釜 田,일반역,,,35.164667999999999,129.06011000000001,한국철도공사,부산광역시 부산진구 부전로 181,1588-7788,2025-04-08
8002,거제해맞이역,I26K6,동해선,Geojehaemaji,巨堤해맞이,일반역,,,35.181196999999997,129.06901500000001,한국철도공사,부산광역시 연제구 거제동 619-1,1588-7788,2025-04-08
8003,거제역,I26K6,동해선,Geoje,巨 堤,환승역,S2603,부산 도시철도 3호선,35.189579999999999,129.07438500000001,한국철도공사,부산광역시 연제구 거제동 419-2,1588-7788,2025-04-08
8004,교대역,I26K6,동해선,Busan Nat’l Univ. of Edu,敎 大,환승역,S2601,부산 도시철도 1호선,35.193800000000003,129.07957999999999,한국철도공사,부산시 연제구 중앙대로 1196,1588-7788,2025-04-08
8005,동래역,I26K6,동해선,Dongnae,東 萊,일반역,,,35.204714000000003,129.07735020000001,한국철도공사,부산광역시 동래구 낙민동 130-4,1588-7788,2025-04-08
8006,안락역,I26K6,동해선,Allak,安 樂,일반역,,,35.196007000000002,129.10106200000001,한국철도공사,부산광역시 동래구 안락동 201-2,1588-7788,2025-04-08
8007,재송역,I26K6,동해선,Jaesong,裁 松,일반역,,,35.188000000000002,129.12010900000001,한국철도공사,부산시 해운대구 해운대로 100,1588-7788,2025-04-08
8008,센텀역,I26K6,동해선,Centum,센텀,일반역,,,35.179299999999998,129.12450000000001,한국철도공사,부산시 해운대구 해운대로 210,1588-7788,2025-04-08
8009,벡스코역,I26K6,동해선,BEXCO,벡스코,환승역,S2602,부산 도시철도 2호선,35.171700000000001,129.13595799999999,한국철도공사,부산광역시 해운대구 우동 1111-2,1588-7788,2025-04-08
8010,신해운대역,I26K6,동해선,Sinhaeundae,新海雲臺,일반역,,,35.181832,129.17669599999999,한국철도공사,부산시 해운대구 장산로 427,1588-7788,2025-04-08
8011,송정역,I26K6,동해선,Songjeong,松 亭,일반역,,,35.187832,129.20206899999999,한국철도공사,부산시 해운대구 해운대로 1147,1588-7788,2025-04-08
8012,오시리아역,I26K6,동해선,OSIRIA,오시리아,일반역,,,35.196255999999998,129.208291,한국철도공사,부산광역시 기장군 기장읍 당사리 261-8,1588-7788,2025-04-08
8013,기장역,I26K6,동해선,Gijang,機 張,일반역,,,35.244627000000001,129.2188951,한국철도공사,부산시 기장군 기장읍 차성로288번길 86,1588-7788,2025-04-08
8014,일광역,I26K6,동해선,Ilgwang,日 光,일반역,,,35.267556499999998,129.2330307,한국철도공사,부산광역시 기장군 일광면 이천리 750-4,1588-7788,2025-04-08
8015,부산원동역,I26K6,동해선,Busanwondong,釜山院洞,일반역,,,35.193800000000003,129.113709,한국철도공사,부산시 동래구 안락동 52-2,1588-7788,2025-04-08
8016,좌천역,I26K6,동해선,Jwacheon,佐川,일반역,,,35.311838000000002,129.24519699999999,한국철도공사,부산시 기장군 장안읍 좌천리 239-4,1588-7788,2025-04-08
8017,월내역,I26K6,동해선,Wollae,月內,일반역,,,35.328176999999997,129.27662599999999,한국철도공사,부산시 기장군 장안읍 월내리 141-4,1588-7788,2025-04-08
8018,서생역,I26K6,동해선,Seosaeng,西生,일반역,,,35.346120999999997,129.29303999999999,한국철도공사,울산시 울주군 서생면 화산리 1228-5,1588-7788,2025-04-08
8019,남창역,I26K6,동해선,Namchang,南倉,일반역,,,35.419713000000002,129.28223,한국철도공사,울산시 울주군 온양읍 남창리 42-36,1588-7788,2025-04-08
8020,망양역,I26K6,동해선,Mangyang,望陽,일반역,,,35.456519,129.287856,한국철도공사,울산시 울주군 온양읍 망양리 484-1,1588-7788,2025-04-08
8021,덕하역,I26K6,동해선,Deokha,德下,일반역,,,35.494007000000003,129.30309399999999,한국철도공사,울산시 울주군 청량읍 상남리 533-15,1588-7788,2025-04-08
8022,개운포역,I26K6,동해선,Gaeunpo,開雲浦,일반역,,,35.507883999999997,129.32109700000001,한국철도공사,울산시 남구 상개리 97-1,1588-7788,2025-04-08
8023,태화강역,I26K6,동해선,Taehwagang,太和江,일반역,,,35.538668999999999,129.35326900000001,한국철도공사,울산광역시 남구 산업로 654,1588-7788,2025-04-08
